,0304000123
史奴比PP軸棉棒經濟包100支6入(,0304000128
史奴比PP軸棉棒方盒280支2入(新),0304000127
黃鴨抗菌螺旋棉棒200入,0304000126
正揚加味生化湯5包/20B,0204010003
3M白色通氣膠帶1吋(有台)/12B,0304030030
四效合一啤酒酵母膠囊500mg10`S/,0202100225
奇力寶力加AA.DHA綜合營養素350g,0201050050
Elomet Cream 0.1%/1.000 MG/GM,B020200335
共軛亞麻油液晶膠囊500mg10`S/ *,0202100224
3M裸裝自黏彈性繃帶3吋/3B,0304030038
-L-肉酸膠囊(L-Carnitine 500mg),0202100223
旅行家安眠眼罩（單入）,0304110001
3M膚色透氣膠帶半吋(有台)/24B,0304030035
清體酵素-體內環保元素(優格)(盒,0202100221
3M膚色透氣膠帶1吋(有台)/12B,0304030034
清體酵素-體內環保元素(優格)(包,0202100220
培寶嬰兒乳液-綠茶100ml/2B,0406020028
3M白色透氣膠帶半吋(有台)/24B,0304030031
Baan嬰兒爽膚乳液200ml/3B(限),0406020031
施巴嬰兒潤膚乳液400ml(限),0406020030
妙而舒頂級呵護紙尿褲(S)66P/4B(,0302010012
黃鴨四合一練習杯組,0300090122
普通棉棒,0304000136
Colgate牙膏180g,0306041082
黃鴨550cc彈跳水壺,0300090124
-新明治優質較大奶粉2號900g/8B,0200010140
金力強寶貝成長奶粉(1-3歲)900g/,0200020174
亞培心美力較大嬰兒奶粉2號900g,0200010142
優寶A+較大嬰兒奶粉(A學立方360,0200010143
黃鴨奶嘴型4階段訓練杯,0300090120
-清體酵素-體內環保元素包 15g(,0202100219
金力強寶貝幼兒成長1800g/罐/6B/,0200020181
清體酵素-體內環保元素(檸檬)(盒,0202100218
【DC】停-新身得壯成長強化奶粉1,0200020180
清體酵素-體內環保元素(檸檬)(包,0202100215
奇力寶力加藻精蛋白350g/300B/6,0201050049
健碩寶乳鐵蛋白嚼錠120's/1000B/,0201050048
清體酵素-體內環保元素(鳳梨)(包,0202100214
清體酵素-體內環保元素(鳳梨)(盒,0202100217
-清體酵素-體內環保元素5g*30包(,0202100216
日本味王-暢快人生奇異果精華版5,0202100211
多條式透氣軟背架 6stays L★,0305270011
妮維雅防曬淨白乳液(SPF30)75ML/,0401040097
多條式透氣軟背架 6stays M★,0305270010
3M克淋濕(特大)-5片/3B,0304030020
3M嬰幼兒專用膠帶(一卷入)/3B,0304030022
81X9吋腰背支撐帶-M,0305270027
3M舒適繃含藥型30小片/3B,0304030019
新悅健較大嬰兒配方900g/12B,0200010139
黃鴨兒童牙膏-青蘋果50g,0306041053
舒酸錠清涼薄荷牙膏(綠)160G,0306041054
黃鴨兒童牙膏-草莓50g,0306041051
86X6吋腰背束帶-L,0305270025
能恩2號優質較大嬰兒奶粉800g/6B,0200010137
3M無刺痛噴霧保護膜28ml/3B,0304030018
S-26金見兒樂先進金配方900g/6,0200010138
施巴5.5嬰兒護疹修護膏100ml(SBP,0406020000
-白樂汀酵素凝膠牙膏127裝),0306041056
500㏄甘油,0307070013
恩紐A+新配方成長配方奶粉1800g/,0200020183
藥聯口腔棉棒,0304000148
金荷寶較大嬰兒配方奶粉900g(新,0200010135
黑人牙膏250g*2/組,0306041050
亞培舒兒優6-12個月較大奶粉850g,0200010136
美強生優寶A+較大嬰兒奶粉(領先,0200010133
金可貝可較大嬰兒配方奶粉900g(,0200010134
黑人牙膏250g*2+亮白160g/組,0306041059
3M克淋濕防水透氣繃(紋身)10片/3,0304030015
黃鴨粉撲盒+隔層+粉撲,0300040051
3M裸裝自黏彈性繃帶2吋/3B,0304030014
亞培恩美力HQP優質較大嬰兒奶粉9,0200010126
美吾髮快速護髮染髮霜(淺栗)#3,0400020042
(飛力)牙適寧口腔修復牙膏,0306041069
-明治優質成長奶粉3號90,0200020194
工業用酒精500ml,0307070004
去光水（阿西通）500cc,0307070006
雪印強小子new2號較大嬰兒奶粉/9,0200010124
【客訂】資兒樂較大900g/6B,0200010125
蜜妮高防曬保濕隔離乳液SPF50 30,0401040076
貝親黃色粉撲盒/5B,0300040045
湯瑪士-自動粉撲盒,0300040047
Bokey Enteric-Microencapsulat,AC373441G0
全扣式竹炭護踝綁帶★,0305240034
【DC】停-雪印強小子2號嬰兒奶 /,0200010111
展開式透氣護踝★,0305240033
炫麗紅護踝XL★,0305240038
明星花露水(小),0307070032
-悅健蜂膠成長奶粉900g/,0200020120
PX-71020-PP細軸棉棒-260支,0304000161
大王境外紙尿褲(S)52片/4B,0302010049
龍角散40g,0303000014
龍角散18g,0303000013
kitty粉撲盒CAMH727,0300040032
佳奇粉撲盒/組,0300040038
-幫寶適超薄S76/包/4B,0302010056
雙魚子柔膚潔面乳 120ml(件),0404000238
人性化護踝 S-13 L,0305240022
德國百妮E+E雙效美白胺基酸潔面,0404000237
信東生理食鹽水500ml/支/30B※,0307070026
人性化護踝 S-13 M,0305240021
工業用蒸餾水450ml,0307070027
天然方瓶硫磺精500cc,0307070028
幫寶適特級綿柔S號62片/4B,0302010053
人性化護踝 S-13 S,0305240020
竹炭提花護踝L★,0305240027
明星花露水300㏄,0307070021
妙而舒柔點清新乾爽紙尿褲S/54P/,0302010051
卡式薄荷油10cc,0307070022
竹炭提花護踝M★,0305240026
帝通大硫磺精1000ML,0307070023
竹炭提花護踝S★,0305240025
專業調整式護踝 H-20,0305240024
WHITE -二合一齒粉 165g/3B,0306041047
【客訂】極淨私密專利蔓越莓日夜,0204060010
滿意寶寶瞬潔乾爽S75/4B(箱購價1,0302010059
活潑寶寶紙尿褲S62/5B(箱購價119,0302010058
漢補敏素4g/包/30包/盒/20+4B,0201050080
牙周病牙膠145g/3B,0306041049
健碩寶A+SUPER綜合營養素38合1 1,0201050088
Eltroxin Tablets 100Mcg 〝Ger,B024708100
黃鴨印花冬季大肚圍,0301040144
竹炭提花護踝XL★,0305240028
高壓力護踝S★,0305240029
黃鴨木馬抗菌?大肚圍,0301040149
人性化繃帶型護踝 T-25 M,0305240014
滿意寶寶瞬潔乾爽S 9P/包/24B,0302010061
麗絲美源快速染髮霜(深栗)#5,0400020016
金好奇護膚乾爽紙尿褲S52/3B,0302010060
麗絲美源快速染髮霜(自然栗)#4,0400020015
人性化繃帶型護踝 T-26 XL,0305240016
幫寶適特級綿柔S號12片/12B,0302010062
人性化繃帶型護踝 T-25 L,0305240015
美強生優生A+HP水解蛋白配方900g,0200090110
舒緩潔膚霜70ml,0404000203
滿意寶寶新生賀禮(瞬潔乾爽S+M 1,0302010064
黃鴨造型立體杯,0300090112
麗絲美源快速染髮霜(自然黑褐)7,0400020019
麗絲美源快速染髮霜(自然褐)#6,0400020018
麗絲美源快速染髮霜(自然黑)#8,0400020017
玫瑰指甲去光水100C,0307070059
【客訂】卡洛塔妮(A3)幼兒乳鐵,0200020148
美吾髮快速護髮染髮霜補充包4,0400020012
美吾髮快速護髮染髮霜補充包5,0400020011
美吾髮快速護髮染髮霜補充包6,0400020010
Q寶寶4號美達適綜合營養素68合1.,0201050070
雀巢能恩HA1水解蛋白配方嬰兒粉8,0200090116
金可貝可水解蛋白配方奶粉900g(,0200090115
培寶寬口徑飛碟式吸管組(大)/2B,0300030005
亞培心美力舒康水解奶粉850g/12,0200090118
雀巢能恩HA3水解蛋白配方幼兒成,0200090117
精製酒精75% 4L/桶/6B/箱,0307070053
培寶寬口徑飛碟式吸管組(小)/2B,0300030006
培寶兔毛粉撲/2B,0300040014
雀巢能恩HA2水解蛋白配方嬰兒粉8,0200090119
薄型護踝 U-02 L,0305240019
黃鴨抗菌水壺600cc,0300090118
金好奇新生禮盒(金好奇S 52片*2+,0302010070
妙而舒頂級呵護滿月禮盒S66*1+M5,0302010074
幫寶適棉柔禮盒(特級棉柔M*2+L*1,0302010078
培寶輕鬆開吸管手把練習杯S140m,0300090100
優生輕鬆開吸管手把練習杯S140ml,0300090102
-幫寶適棉柔禮盒(特級棉柔S*2+M1,0302010076
美吾髮快速護髮染髮霜補充包7,0400020009
培寶輕鬆開吸管手把練習杯L270m,0300090101
亞培愛美力8 OZ/罐/箱購1300元,0200090101
滿意寶寶極緻呵護S75片/4B,0302010079
美吾髮快速護髮染髮霜(明栗)#2,0400020000
【DC】停-寶兒樂嬰幼兒綜合維他l,0201050065
比兒凱茲A+植物性成長奶粉900g/1,0200090107
優生輕鬆開吸管手把練習杯L270ml,0300090103
黃鴨彈跳保溫+保冷水壺,0300090106
滿意寶寶新生賀禮(瞬潔乾爽S+M,0302010080
Nexx兒童發泡錠 20's/條,0201050066
Q寶寶7號綜合營養素68合1咀嚼錠3,0201050067
愛美力涵纖1.2 250ml/罐/24B/箱(,0200090109
比兒凱茲衛敏植物性成長奶粉900g,0200090108
Q寶寶1號初乳藻精蛋白粉400g /30,0201050069
濃鹽酸,0307070072
瑞豐 滴易效,0307070075
【DC】停-健碩寶150億優菌體+纖,0201030044
安膚適除疤矽膠片5*4cm /11+1B,0304170021
安膚適除疤矽膠片12*3cm/11+1B,0304170022
德國百妮活膚化妝水120ml★,0401080068
值蒡膠囊60caps/50B,0201030049
培寶寶寶防曬乳液SPF30-100ml,0406050029
培寶雪花膏-綠茶30g,0406050028
欣肌除疤貼15.2cm*2.5cm/6B,0304170029
BestVite葡萄籽精華膠囊400MG 90,0202140024
美樂小型電動吸乳器(印花)M221-,0303000058
天乾75%藥用酒精500ml/瓶22+2B,0304180103
台裕洗淨生理食鹽液500ml單瓶,0307070077
葡萄籽蔬果多酚60粒 OPC/5B,0202140021
7格藥盒,0304180107
4格藥盒,0304180108
肌研卵肌去角質洗面乳130g,0404000265
克菌安抗菌防護噴霧100ml/6B★,0307070063
【須客訂】阿德比膠囊50顆/瓶/10,0201030055
環境消毒除臭劑 1000cc★,0307070064
Q寶寶6號綜合胺基酸 400g /300B(,0201030054
Q寶寶2號9合1益生菌 400g(限),0201030053
-AEGIS長效型防蹣抗菌處理噴劑,0307070060
馬桶水管疏通劑(精裝版)-300g,0307080020
施巴嬰兒護膚膏200ml(SPB2002)(,0406050030
夜纖胺基酸60入送食事對策6入★,0202100298
倍熱超纖錠24入送食事對策28入★,0202100297
美適儂Mercilon 21's/,0201030058
胺基酸保濕潔顏慕絲180ml★,0404000271
康媚花泡沫沐浴精1000CC/6B,0404000272
曼秀雷敦抗痘洗面乳100g,0404000273
天然落髮洗髮精（油性）300ml,0404020034
貝親一般口徑母乳實感奶嘴Y(PB92,0300000560
妮維雅美白洗面乳100g/2B,0404000270
貝親手動吸乳器(簡易型)(P16690),0303000043
麗文無煙鹽酸500ml/24B,0307070068
3M美白洗面乳100g/6+6B,0404000277
3M深層洗面乳100g/6+6B,0404000278
【DC】停-克菌安抗菌防護噴霧30m,0307070065
(家家)必安住吊卡式防除蟑螂6入/,0307040015
3M舒適繃30片綜合型/3B,0307040013
日本味王窕窕元素90顆/5+1B★,0202100284
Voren-K Sugar Coated Tablets,AB453051G0
輕鬆暢植物性綜合酵素(一包30g),0202100286
日本味王燃燒錠60顆/5+1B★,0202100285
日本味王暢快人生草莓精華版單包,0202100288
日本味王-暢快人生奇異果精華版,0202100287
貝喜力克防脹氣小口徑奶嘴S(加,0300000593
貝喜力克防脹氣小口徑奶嘴M(加,0300000594
680開口交叉護踝-黑,0305240050
美人藥妝控油調理清爽洗面乳200m,0404000240
貝喜力克防脹氣寬口徑奶嘴M(加,0300000597
除疤矽膠片Cica-Care(12cm*3cm)(,0304170009
貝喜力克防脹氣寬口徑奶嘴L(加,0300000598
貝喜力克防脹氣小口徑奶嘴L(加,0300000595
貝喜力克防脹氣寬口徑奶嘴S(加,0300000596
貝親寬口母乳實感奶嘴(P01817)SS,0300000599
撲蟑殺蟲劑550ml/24B★,0307040010
潔美淨潔膚露150ml,0404000243
培寶電動吸乳器,0303000034
-奇力寶力加酵素胺基酸3/3T,0201030038
日本味王暢快人生奇異果精華版3,0202100275
奇力寶力加益生菌350g/300B/6T,0201030037
日本味王暢快人生草莓精華版3入/,0202100273
玫瑰青體素30顆★,0202100279
湯瑪士-全矽膠安撫奶嘴(較大型),0300000590
-金荷寶3號幼兒成長奶 1.8㎏/6B,0200020114
湯瑪士-一般口徑奶嘴(M)3入,0300000583
優纖飲8g(5種口味各3包) 15包/,0202100282
湯瑪士-寬口徑奶嘴(L)2入TM5726,0300000586
玫瑰青體飲10g*15包/盒★,0202100280
湯瑪士-全矽膠安撫奶嘴(初生型),0300000589
美孅魔力第3代12`S/500B(限),0202100265
曼秀雷敦水果潤唇膏-橘子,0401060056
曼秀雷敦(全家)特柔潤唇膏,0401060057
曼秀雷敦親親寶貝型100ml,0406050061
曼秀雷敦全家薄荷潤唇凍膏-限定,0401060051
優生第三代奶嘴(一般標準S2+1促),0300000539
培寶多功能寬口標準奶L 2+3PET /,0300000538
培寶多功能寬口標準奶嘴M 2+2PET,0300000537
培寶多功能寬口標準奶嘴S 2+1PET,0300000536
培寶多功能一般標準奶嘴L 2+3PET,0300000535
培寶多功能一般標準奶嘴M 2+2PET,0300000534
培寶多功能一般標準奶嘴S 2+1PET,0300000533
kitty安撫奶嘴-較大CAMK7171,0300000531
藤黃果油切梅,0202100254
植物性卸妝油200ml★,0401090120
培寶通氣膠帶-大/2B,0304030063
培寶通氣膠帶(大)經濟包-2入/2B,0304030060
優生矽晶防脹氣奶嘴(寬口標準-L),0300000527
Kitty奶嘴(3入)-麥粉CAMH7102,0300000529
Kitty奶嘴(3入)-十字CAMH7101,0300000528
優生矽晶防脹氣奶嘴(寬口標準-S),0300000525
OK布200片入/盒,0304030053
柔素纖美-500`s/罐,0202100240
絡綠婷-500`s/罐,0202100241
美達適每日健康順暢茶30包/盒/30,0202100243
有切絆創膏,0304030058
金選明治媽媽樂奶粉350g/12B,0200200019
絆創膏大無切（無切大膠布）,0304030059
橙采洋甘菊包濕卸妝潔顏油250ml,0401090110
博智康馥能營養完整配方900g※/1,0200200015
博智康馥能旺乳媽媽營養素20包/,0200200016
若元常兒健60g/盒/6B,0201030063
金牌比菲德氏菌龍根菌3g*30包/盒,0201030066
3M透明繃(20片)無菌包/3B,0304030051
優生媽媽A+懷孕及授乳媽媽專用,0200200011
-明治媽媽奶粉350g/12B,0200200012
貝親一般口徑母乳實感奶嘴M(PB92,0300000558
貝親一般口徑母乳實感奶嘴S(PB92,0300000557
黃鴨手動吸乳器,0303000076
貝親一般口徑母乳實感奶嘴L(PB92,0300000559
潔美淨潔膚露150ml*2/組/12+1B,0404000280
肌研極潤保濕卸粧液200ml,0401090115
ORRER舒緩護膚身體乳180ML/瓶★,0406020045
全肌淨深層卸妝乳200ml★,0401090119
3M白色透氣膠帶經濟包1吋/3B,0304030044
3M傳舒易撕膠帶經濟包0.5吋(1527,0304030042
3M白色透氣膠帶經濟半吋-4入/3B,0304030043
小安第．羅巴草本修護膏10g/12B,0406050053
曼秀雷敦水果潤唇膏(草莓),0401060024
3M舒適繃長條型20片入/3B,0304030046
Nac嬰兒防曬乳液/30ml,0406050055
3格藥盒,0304180110
孢子型乳酸菌puls木寡糖50'S,0201030073
2格小圓藥盒,0304180111
EGCG膠囊-500`S/6500B,0202100237
健碩寶A+SUPER孢子型乳酸菌150g/,0201030072
3M傳舒易撕膠帶經濟包1吋/3B,0304030041
桂格媽媽多力(黃罐)825g/12B(客,0200200003
唐鑫潔用酒精液75%500ml/瓶,0304180119
優生第三代奶嘴(寬口標準L2+1促),0300000547
摩載舒護眼罩(滅菌)兒童用遮光 6,0304180117
嬌生嬰兒舒眠潤膚乳液500ml/12B,0406020050
小安第異膚佳舒膚露50ml/12B★,0406050056
Nac牛奶燕麥-乳液,0406020051
Nac草本護膚乳液,0406020052
茉娜姿兒童防曬乳SPF50,0406050058
施巴兒童防曬保濕乳SPF50 200ml(,0406050059
愛可妮潔面露雙入組(150ml*2),0404000294
優生第三代奶嘴(一般標準L2+1促),0300000541
優生第三代奶嘴(一般標準M2+1促),0300000540
德國百妮紫花淨顏卸妝油/200ml★,0401090105
Mopride F.C. Tablets 5Mg/5.00,A047656100
日本味王-綜合維他命軟膠囊45`S,0202040189
貝親第三階段訓練牙刷/P10542,0306000221
因特力淨超軟毛牙刷★,0306000239
刷樂木糖醇兒童牙刷S106-2A 3支/,0306000238
H&B基礎體溫計-粉紅,0305010038
日本味王-綜合維他命軟膠囊(6粒),0202040190
新寶納多孕補錠30`S/20B,0202040196
【DC】停-BestVite綜合維他命90,0202040195
刷樂備長碳牙刷S177-3 3支/3B,0306000237
刷樂牙間刷SS極細8入 S61B/3B,0306000208
Allegra Tablets 180Mg/180.000,B023010100
因特力淨寶貝QQ刷★,0306000206
Deary雪絨草白麝香香氛手足霜50g,0402050098
香菇玉米大燕麥飽50g*8包/盒,0207000020
Deary乳油木果極潤手足霜50g,0402050097
德恩奈護理牙刷,0306000209
海鮮火腿大燕麥飽50g*8包/盒,0207000021
佳您乳膏90g/24B,0402050093
醫護級護手乳液 500ml/10+2B,0402050092
-養命酒超值組(1000+300ml),0206030007
第5代優生矽晶安撫奶嘴拇指型L/2,0300000500
貝比斯特-營養牙餅南瓜50g,0205000068
[DC]維士比300ml,0206030001
貝比斯特-營養牙餅低納牛奶50g,0205000067
維士比600ml/12B,0206030002
保力達B 600㏄/12B,0206030000
貝比斯特-蔬菜牙餅★,0205000062
貝比斯特-含鐵牙餅★,0205000061
亨氏磨牙棒100克12入/盒,0205000060
合利他命強效錠120'S※,0202040166
素寶丁綜合維他命膜衣錠120`S/ /,0202040165
貝比斯特-餅乾禮盒★,0205000065
亞培心美力盼納補(含葉酸)100錠),0202040168
貝比斯特-乳酪牙餅★,0205000064
貝比斯特-鮮乳牙餅★,0205000063
REX綠士電子體溫計,0305010057
活泉-女性綜合維他命加鐵軟膠囊/,0202040172
OMRON-MC-172 體溫計 ( 粉紅-婦,0305010054
福爾耳額溫槍(TD-1116/2年保固)/,0305010059
北群婦女電子體溫計,0305010058
妙管家防?抗敏防洗衣精補充包180,0308000117
德恩奈前觸動感牙刷-兒童(買2支,0306000211
OMRON-MC-170 體溫計 ( 綠 ),0305010053
-美麗適法國補精10g單支/30支/盒,0202040179
德恩奈幸運星牙刷-兒童,0306000213
黃鴨哺玻璃奶瓶禮盒,0300230131
電動摩托車W336E-A01(紅)0012010,0300230137
MINI Cooper搖控器電動車MDS1000,0300230139
貝親羊脂膏50g/P16883,0402000012
沛綠康電子體溫計KD-121(卡通造,0305010061
日本EBISU-健齒良策雙層刷毛牙,0306000269
沛綠康電子體溫計KD-204,0305010062
沛綠康電子體溫計KD-133(彈性彎,0305010063
日本EBISU-牙周病對策高密度超,0306000268
培寶可彎式電子體溫計KD1501   /,0305010064
-日本EBISU-知覺過敏超,0306000267
-日本EBISU-專業握柄超,0306000265
日本EBISU-48孔優質倍護混合植,0306000264
日本JACKS牙刷-極細毛4列軟毛,0306000263
親親桌子FU-12-1,0205140552
日本EBISU-武士頭口腔局部清潔,0306000262
日本EBISU-口臭對策刮舌器,0306000260
培寶數位電子體溫計KD1500     /,0305010065
美樂純羊脂(7g)M521/12+1B,0402000015
百略醫學1秒紅外線額溫槍FR1DM1,0305010066
福爾紅外線耳溫槍(IR-18/2年保)2,0305010067
-黃鴨哺乳用品禮盒(PS奶,0300230124
日本EBISU-Hello Kitty 軟柄兒,0306000279
-日本EBISU-新幹線6歲,0306000278
日本EBISU-新幹線軟柄兒童牙刷,0306000275
日本EBISU-抑制蛀牙病菌兒童牙,0306000274
日本EBISU-新幹線 3~6歲兒童牙,0306000277
日本EBISU-新幹線 0.5~3歲兒童,0306000276
武田表飛鳴120g/盒,0201030007
日本EBISU-Ag+牙周病對策超先細,0306000271
日本EBISU-Ag+銀離子抗菌超細軟,0306000270
日本EBISU-Ag+銀離子超纖細兒童,0306000273
日本EBISU-Ag+牙周病對策超先細,0306000272
欣樂E佳銀杏50'S,0202000016
硼砂,0307080000
美達適天然維生素E10`s/1000B(限,0202000025
德必保E軟膠囊90'S/12B,0202000024
檸檬酸(不能退),0307080004
,0202100196
縮更妙陰道專用凝膠82g,0303080007
硼酸,0307080009
【P】愛的水溶性潤滑劑82g/6B,0303080006
明凡粉,0307080007
小蘇打(足磅),0307080006
海洋馬桶扶手(藍.粉)35*40*11OT-,0205140549
爬行墊-子母水果(大)200*180*1.2,0300230107
刷樂兒童旅行組/3B,0306000253
Fendown F.C. Tablets 160Mg/16,AC50087100
熱水瓶天然洗淨劑25g / 12B,0307080012
歐樂B全方位多動向牙刷軟毛,0306000256
小恰恰香氣袋/ 六種香味/12B,0308090092
檸檬酸(精裝版)-300g,0307080018
小蘇打粉(精裝版)-450g,0307080017
肌研藥用美白防曬乳液38ml,0401040131
曼秀雷敦戶外玩樂防曬乳液35g,0401040133
曼秀雷敦清透涼爽防曬乳液35g,0401040134
曼秀雷敦水漾透薄防曬乳液35g,0401040135
81900 法拉利黃色,0300230182
曼秀雷敦溫和寶貝防曬乳液35g,0401040136
曼秀雷敦水潤肌防曬乳液42g,0401040137
曼秀雷敦水潤肌美白水感防曬露80,0401040138
唯登-MEB-65,T000000087
南僑水晶肥皂4入/組/20B,0308000163
橘天然濃縮洗衣精-深層潔淨1800m,0308000160
曼秀雷敦水凝清爽防曬露100ml,0401040139
培寶凡士林-綠茶50g/2B,0109120069
KY潤滑劑100g/12B,0303080020
清透全效修護防曬乳30mlPLUS SPF,0401040122
【DC】停-純物理舒緩防護乳30ml,0401040123
Deary美白水感防曬噴霧SPF50 PA+,0401040120
Deary美白防曬噴霧(桂花尤加利香,0401040121
霓玻尿酸保濕醒膚晶凍150ml★,0401040127
礦物保濕無瑕BB霜50ml SPF50+★,0401040124
效期品-詩蓓白SC控油防曬凝露SPF,0401040125
保力寶補血膠囊(特補-雪紅素+鐵),0202040112
Glucophage Tablets(鋁箔/膠箔),B0071521G0
滿意寶寶極緻呵護S8片/4B,0302010082
-薇姿活沛雙重防禦隔離乳SPF50/3,0401040129
20吋腳踏車L系列(顏色請備註),0300230165
20吋腳踏車Y系列(顏色請備註),0300230160
日本EBISU-Hello Kitty 0.5~3歲,0306000280
身得壯較大嬰兒奶粉900g/12B,0200010092
日本EBISU-Hello Kitty 3~6歲兒,0306000281
美滿寶貝較大嬰兒配方900g/12B,0200010090
斯儂恩防曬乳一般日曬45ml SPF30,0401040111
培寶一般口徑飛碟大吸管組/2B,0300030054
16吋腳踏車AWSA系列(顏色請備註),0300230154
德國百妮光采淨透隔離乳SPF50,0401040118
德國百妮光采淨透隔離乳SPF30 50,0401040117
Deary美白水感防曬噴霧50ml  SPF,0401040119
法瑪莉佳緊實凝膠(Framagen Inti,0303080057
詩蓓白SC控油防曬凝露SPF40 PA++,0401040101
培寶一般口徑飛碟小吸管組/2B,0300030043
唯登-MAW-040,T000000077
20吋親子6速折疊車一般型(請備註,0300230140
果蕾極白光勻亮防護隔離霜SPF353,0401040107
旺仔原味小饅頭60g*12盒,0205000041
旺仔牛奶小饅頭60g*12,0205000042
富爾舒敏~優-調理液15ML*10支/盒,0202040143
旺仔盒裝草莓饅頭120g,0205000044
【P】Nexx綜合維他命+礦物質發泡,0202040144
Nac抗過敏洗衣精 / 1200ml,0308000127
新歡水溶性潤滑液(超潤滑)90g,0303080063
超薄防水OK繃-大4片50*72,0207000004
蘆薈潤膚凝膠/100克★,0303080061
成大 樂Y凝膠100公克(10+2),0303080066
新歡水溶性潤滑液(蘆薈)90g,0303080064
MOOI黃金貂油龜裂霜50ml★,0402050073
愛縮樂-威而柔5g,0303080065
Nac防?抗菌洗衣精 / 1200ml,0308000125
【DC】停-Kamill洋甘菊滋潤護手,0402050075
瞬間潔淨蛋白洗衣精2000cc★,0308000123
統記高鈣幼兒米餅,0205000055
博世特益木發泡飲10`S/支(2支售5,0202040156
Nac防璊抗菌洗衣精(1罐+2包),0308000137
Nac酵素洗衣精(1罐+2包,0308000139
熟門道雜穀鮮菇泡飯單包 *5入/盒,0207000019
亨氏香蕉手指餅60克12入/盒,0205000059
熟門道玄米海鮮泡飯單包* 5入/盒,0207000018
統記胡蘿蔔幼兒米餅,0205000056
亨氏蘋果手指餅60克12入/盒,0205000057
美國小凡士林(4oz),0109120011
Adalat Oros 30/33.000 MG/持續,B022951100
熟門道現吃十穀米隨身包30,0207000016
INNO茵諾醫療級潤滑劑100g,0303080073
美國大凡士林8oz,0109120012
紫錐花多酚草本精油粉末1gm*30包,0203000207
樂活草本口腔噴劑10ml★,0203000206
草本植物配方口腔凝膠5gm★,0203000205
樂喉爽口含錠18gm★,0203000204
紫錐花多酚草本精油粉末1gm*5包/,0203000203
紫錐花多酚草本精油粉末15gm/20B,0203000202
沁涼防曬爽身噴霧SPF50(150ml)粉,0401040150
奇力B+C水溶維他命60`S/12B/3T,0202040128
機能性防曬霜SPF35(自然色)★,0401040152
一匙靈制菌洗衣粉1.9kg/6B,0308000148
一匙靈亮彩洗衣精補充包1800cc/6,0308000149
超防水運動防曬噴霧SPF50(150ml),0401040151
【P】加康維他銀髮族維他命130錠,0202040124
高絲SUNCUTUV曬可皙高效防曬噴霧,0401040158
高絲SUNCUTUV曬可皙高效防曬噴霧,0401040157
高絲SUNCUTUV曬可皙高效防曬噴霧,0401040159
Duratears Sterile Oph Oint/30,B017121417
天使之戀造型指甲剪(四款)★,0407020009
機能性防曬霜SPF35(潤色)50ml★,0401040153
高絲SUNCUTUV曬可皙高效防曬隔離,0401040156
維大力350g(易)*24入,0206040004
Nac防璊抗菌洗衣精補充包(3入),0308000140
雪芙蘭滋養霜120g大,0402050052
生物酵素衣領精★,0308000147
雪芙蘭滋養霜60g中,0402050053
貝親Bbay City嬰兒洗衣精(補充 ),0308000144
美達適康補力補精15ML*10入/300B,0202040136
美達適元氣綜合維生素B群100`S/3,0202040137
美達適元氣綜合維生素B群 10`S/1,0202040138
美達適康補力補精15ML*1支(限),0202040139
益欣雅(添加蔓越莓)30`S/4B★尿,0202040135
保濕防曬乳SPF30 40ml,0401040149
艷陽防曬乳有香SPF50 40ml,0401040148
戶外防曬乳無香SPF50 40ml,0401040147
佑合滅菌沖洗棉棒6支裝,0401040144
無瓊花經典美白果香味牙膏110g,0306041092
加大通氣開窗防雨罩U004022L,0300230188
無瓊花超酷涼爽草本牙膏110g110g,0306041094
無瓊花超酷涼清新牙膏(綠茶薄)11,0306041093
81900 法拉利紅色,0300230184
無瓊花迅速瓷白經典牙膏110g,0306041090
加大刮痧板,0407020013
無瓊花草莓味牙膏 80g,0306041096
無瓊花葡萄味牙膏 80g,0306041095
橘濃縮洗衣粉-制菌補充包1350g/6,0308000158
黑人全亮白青檸薄荷牙膏140g*2/,0306041097
橘濃縮洗衣精-制菌補充包1500ml/,0308000157
汝寶湯12g/3包/盒,0204010144
培寶細紙軸棉棒150支-2+1/2B,0304000029
【客訂】莊博士生理寶3入,0204010146
貝多較大嬰兒奶粉900g/12B,0200010014
肌的呼吸夜用超超薄細緻棉柔14片,0302100069
黃鴨安全棉棒60入,0304000021
喜芙美60顆/盒/44+18/3T,0204010141
蘇菲超熟睡超薄細緻棉柔 28cm 15,0302100065
舒適達人漢方草本衛生棉輕巧夜,0302100064
中將湯單包/4B/盒,0204010140
優麗潔小天使270mm夜用衛生棉10,0302100063
培寶抗菌奶瓶刷/2B,0300080011
優麗潔小天使320mm舒眠夜用衛生,0302100072
肌的呼吸夜用超超薄清爽網層14片,0302100070
Melissa時尚彈性小腿襪L 丈青(花,0303120340
【P】韻立補維他命錠劑100顆/300,0202060008
Melissa時尚彈性小腿襪L 咖啡(茶,0303120346
滅菌沖洗棉棒(6入),0401060192
歐詩彩色護髮霜自然黑色50ml★,0400020167
樂補葉酸 200`S,0204010157
BestVite葉酸＋B12膠囊250 'S★,0204010156
-美滿寶貝幼兒成長配方9,0200020074
-鈺林高人一等30入,0204010155
A棉花,0304000035
靠得住純白體驗超薄夜用特長41CM,0302100059
20g棉花/包/10B,0304000036
-珍珠鐵-紅潤保鐵膠囊60'S★,0204010159
培寶PP軸棉棒100支-2+1/2B,0304000031
培寶紙軸棉棒100支-2+1/2B,0304000030
蘇菲立體防漏測邊熟睡夜用28cm/1,0302100055
歐詩彩色護髮霜-酒紅色 50ml★,0400020161
【DC】停-叮寧防蚊乳液80ml※/12,0307050013
歐詩彩色護髮霜深褐金色50ml★,0400020163
歐詩彩色護髮霜咖啡棕色50ml★,0400020164
歐詩彩色護髮霜深咖啡色50ml★,0400020165
溫柔宣言草本抑菌棉 (夜用超薄)1,0302100053
靠得住溫柔宣言草本夜用特長41cm,0302100060
黃鴨360度奶瓶刷,0300080008
黃鴨泡綿清潔刷,0300080007
纖Q好手藝紅豆水2g*30入/包,0202100312
奇亞鮮活鼠尾草籽,0202100311
奶粉袋 30入裝/11+1B,0303120337
纖Q好手藝薏仁水2g*30入/包,0202100313
SWEET BREATH滴樂潔口腔芳香滴,0306030014
100入6吋棉棒,0304000003
靠得住溫柔宣言草本抑菌夜用超 3,0302100040
蘇菲立體防漏側邊超熟睡夜用40.5,0302100047
蘇菲彈力貼身超熟睡夜用40.5cm/2,0302100046
靠得住純白淨味紫羅蘭夜用超薄35,0302100045
8029C 音樂手控三輪車 YC-39007,0205110969
安適寧素食膠囊60粒,0203070018
小棉球,0304000014
奇品高級細軸棉棒200入,0304000017
普琳絲蔓30`S/4B★(陰道乾澀),0204010136
寶麗美30`S/4B★(經痛減,0204010135
東和巨人棉花,0304000018
多胜?抗敏活膚調理乳50ml★,0401000347
蘇菲彈力貼身超熟睡夜用35cm/8P/,0302100032
史奴比奶瓶刷,0300080020
多胜?植萃柔敏水乳液120ml★,0401000348
大棉球,0304000011
Vitalstyl綠活染髮劑金銅色7R/11,0400020183
優生超優存母乳冷凍袋160mlx20入,0303120356
優生超優存母乳冷凍袋200ml/20入,0303120355
鴻仲榖維素複方60粒,0203070013
安欣能西番蓮50粒,0203070012
優生超彈力簡易型束腹帶XL/3B,0305130057
樟腦油550ml超值補充瓶,0307050046
香茅油550ml超值家庭號,0307050045
優生超彈力加強 型束腹帶S-M/3B,0305130058
優生超彈力加強 型束腹帶L-XL/3B,0305130059
別蚊我驅蚊水感乳(嬰幼)100ml★/,0307050048
香茅油550ml超值補充瓶,0307050047
別蚊我驅蚊水感乳(全家)100ml★/,0307050049
優生超彈力加強型托腹帶/3B,0305130054
舒必克冰涼喉片3片*10'S,0203000149
優生超彈力簡易型束腹帶M/3B,0305130055
美德強化牙膏/21+3B,0306040002
汝寶湯12g/21袋,0204010100
巴斯康美玉潔寧液1050ml,0404030094
暢喉單排口含錠2mg橘子口味排*10,0203000142
【客訂】女寶托式腹帶950 cm,0305130050
【DC】妙管家強效漂白水2000g/6B,0308020035
巴斯康美罐裝薰衣草550g,0404030092
飛雪涼(原味)50g/12B,0203000145
九泰利可舒精油錠40's/50+25B★,0203000144
巴斯康美罐裝柚花香550g,0404030091
淺田涼喉錠24'S(藍),0203000141
Vitalstyl綠活染髮劑深棕黑色3N/,0400020139
-珍果諾麗酵素菁華膠囊,0203070020
妙管家彩色衣物漂白水2000gm(玫,0308020036
【客訂】胺基酸淨白潔顏慕絲(術,0401090072
杏笙拋棄式抽痰包 12#  50包/袋,0304190001
樟腦油550ml超值家庭號,0307050044
Bite Blocker百特長效天然驅蟲防,0307050059
299元特價玩具,0205110007
叮寧小黑蚊防蚊液100ml※12+1B 7,0307050057
健橋潔白液5ml/6B,0306040010
史奴比細紙軸棉棒圓罐200支2入/3,0304000073
kitty旋轉奶瓶刷CAMH728,0300080041
康緹使立舒精油錠,0203000156
蓮華 潰舒爽口腔修護凝膠(22+2),0203000155
熊寶貝衣物柔軟精補充包/沁藍海,0308020023
熊寶貝衣物柔軟精補充包/玫瑰甜,0308020024
維維樂濃甘S潤喉糖16.2g/瓶/60B,0203000152
優護體夜用型16片/30B,0302100016
菲力家族棉花棒F600 600入/3B,0304000079
公道先生漂白水 2000CC / 6入,0308020027
別蚊我驅蚊水感滾珠乳(嬰幼)30ml,0307050050
別蚊我驅蚊水感滾珠乳(全家)30ml,0307050051
菲力家族棉花棒粗軸F168-2 200 *,0304000080
別蚊我驅蚊噴霧(嬰幼)100ml★5+1,0307050054
別蚊我驅蚊噴霧(全家)100ml★/5+,0307050055
別蚊我修護凝膠(嬰幼)20g★/5+1,0307050052
3M舒適口罩兒童/粉藍/3B,0306050109
小不叮-小黑蚊乳液-全家,0307050028
第5代優生矽晶安撫奶嘴標準型S/2,0300000497
朴蜜兒泡棉旋轉奶瓶刷(限),0300080075
昕泰清肺止咳丸120粒,0203000168
小不叮-小黑蚊乳液-嬰幼兒,0307050027
第5代優生矽晶安撫奶嘴雙扁型L/2,0300000496
kitty抗菌奶嘴刷CAMK7281,0300080074
第5代優生矽晶安撫奶嘴拇指型S/2,0300000499
第5代優生矽晶安撫奶嘴標準型L/2,0300000498
小不叮-小黑蚊滾珠乳液100ml-嬰,0307050029
叮寧清新長效滾珠防蚊液50ml※/1,0307050024
傳佳知寶-360度旋轉奶瓶刷,0300080079
叮寧防蚊液120ml※/12+2B,0307050023
第5代優生矽晶安撫奶嘴雙扁型S/2,0300000495
3M8550舒適口罩大(深藍)/中30袋/,0306050102
3M8550舒適口罩中(紅)/小30袋/ /,0306050103
貝親旋轉奶瓶刷(PE550)/5B,0300080070
戰鬥包3+1包/盒 (14天),0202100309
綠膳纖膠囊30顆(限),0202100306
美孅魔力第4代30`S/300B,0202100305
保值膠囊60`S/100B,0202100302
Gem-S F.C. Tablets 600Mg (Gem,A038016100
Vitalstyl綠活染髮劑淺棕黑色5N/,0400020142
Vitalstyl綠活染髮劑淺紅棕色5M,0400020141
朴蜜兒360度旋轉奶瓶護理刷,0300080065
朴蜜兒泡棉奶嘴刷(2入),0300080064
Vitalstyl綠活染髮劑火紅色9R/11,0400020144
-貝多成長幼兒奶粉900g/,0200020019
Vitalstyl綠活染髮劑淺銅棕色5R/,0400020143
培寶造型吸管清潔刷/2B,0300080063
E0175 Bite Blocker長效天防蚊液,0307050034
奇品280入棉棒,0304000056
Concor 5 Mg/5.000 MG/膜衣錠,B017125100
3M舒適口罩兒童/粉紅/3B,0306050110
小不叮-小黑蚊滾珠乳液30ml-全,0307050032
E0173 Bio UD筆型天然驅蟲15ml**,0307050033
小不叮-小黑蚊滾珠乳液30ml-嬰,0307050031
彈性舒適OK繃-加寬型15片25*72,0207030001
多功能揹袋 (藍)(粉)/2B,0300160028
黃色小鴨三段式多功能揹,0300160022
幫寶適嬰兒潔膚濕紙巾56片/盒,0302080157
綜合蔬果酵素飲350ml/24B(10+1B),0206070128
日本味王-水姬精保濕飲50ml 6入/,0206070126
正官庄活蔘28D 100ml* 8入/組★,0206070124
正官庄高麗蔘雞精62ml*9瓶/組★,0206070122
易利氣 800 磁力貼★/6B,0305120642
易利氣 1300 磁力貼★/6B,0305120643
易利氣 1900 磁力貼★/6B,0305120644
獅王兒童牙膏葡萄40g/3B,0306040042
氧氣筒,0305130015
獅王兒童牙膏(草莓)-40g/3B,0306040044
嬌生嬰兒濕巾補充包-經典香80片,0302080148
嬌生嬰兒濕巾補充包-無香低敏感8,0302080149
"Ulex Cream ""Sinphar""/100.000",A026636329
易利氣磁力項圈黑色 45cm★,0305120636
奈米竹炭護掌左手O-0901XL,0305120635
TO0002杏華脊椎保護坐墊,0305120632
奈米竹炭護掌左手O-0901L,0305120633
喜多納健康營養液500g*2/8B,0206070130
包大人濕巾80抽/24B,0302080142
悠斯晶護唇膏/條(O),0401060105
好奇純水一般型嬰兒濕巾100抽/ *,0302080145
培寶成人護膚柔濕巾50片(綠茶)/5,0302080144
德恩奈(三效)牙膏130g(1+1),0306040054
好奇一般型柔潤嬰兒濕巾(綠荼)-1,0302080141
德恩奈兒童牙膏90g-草莓,0306040056
氟樂淨持久全亮白牙膏132g,0306041100
日通(排水管暢通劑),0307110006
好奇厚型柔潤嬰兒濕巾(綠茶新配,0302080136
貝親含黏性棉棒50支 (PK084)/5B,0304000091
5408矽膠舒適鞋墊N2,0305120623
,0306040060
HA水潤彈力膠原飲50ml*10支/組★,0206070140
-永麗濕巾1入藍.粉2色10ps/120,0302080130
齒治靈保健牙粉,0304000084
潔皙優質棉花棒200支粗 / 包/24,0304000083
齒治靈琺瑯牙粉,0304000085
TKI蜂膠牙膏70g/12B,0306040061
嬌生純水濕巾綿柔一般型90片/12,0302080129
Recormon Solution For Injecti,K000646212
活蔘28D滋補液10入★,0206070151
培寶半矽PP雙扁型安撫奶嘴-S/2B,0300000446
培寶半矽P雙扁型安撫奶嘴-L/2B,0300000447
美吾髮(黑娜)染髮霜7號/黑褐/12,0400020101
美吾髮(黑娜)染髮霜6號/自然褐/1,0400020100
Progyluton S.C. Tablets/2.000,B005819100
BABY細PP軸棉棒260支 / 24B,0304000099
晴天娃娃螺旋棉花棒200支 / 24B,0304000098
22x軟式頸部固定圈-L,0305120605
透氣學步鞋L(藍)(粉)/2B,0300180173
培寶抗菌護膚柔濕巾20片(超厚)/2,0302080116
曼秀雷敦深層保濕潤唇膏-無香料,0401060155
E16PT 16吋老虎打氣腳踏車 YC-61,0205110989
曼秀雷敦玫尿酸(高保濕)潤唇凍,0401060156
BestVite天然月見草油膠囊1300mg,0204020020
美妍新元素大豆異黃酮60粒,0204020021
E12C 12吋老虎腳踏車 YC-911006,0205110986
-統一雞精原味6入/盒/4B,0206000101
德國百妮氨基酸洗面乳200ml★,0404000162
蓮華愛膚荷荷芭E滋養霜(11+1/ 15,0401000330
"Urmaron Tablets ""Y.C.""/100.00",A046937100
Vaseline護唇膏-原味 0.35oz,0401060140
滿意寶寶天生柔嫩柔棉厚補充包80,0302080107
嬌生嬰兒柔膚柔濕巾(含香)70片/,0302080109
-因特力淨兒童酵素牙膏/,0306040096
玫瑰香戀原生淨白面膜單片/5片ㄧ,0401000328
牙醫選夜用牙膏(軟管裝)100gr./1,0306040098
玻尿酸深度潤澤霜50ml★,0401000322
【DC】停-霓抗氧透亮美白乳液50m,0401000325
E511 玩偶IC手控三輪車 YC-9750,0205110972
玻尿酸保濕乳液50ml★,0401000321
德恩奈維他命牙膏126g/48B(1+1),0306040091
Deary乳油木極潤護唇膏10g,0401060171
Deary雪絨草玻尿酸豐盈潤唇膏10g,0401060172
蜂膠草本膏20g★,0401060179
蜂膠金盞花護唇膏5g★,0401060177
kitty安撫奶嘴-初生CAMK717,0300000410
妮維雅男性清爽控油洗面乳100ML/,0404000184
蜜妮深層卸粧棉(補充)46 片,0401090015
幼兒全矽安全湯匙/2B,0300210001
kitty寬口奶嘴(2入)-十字CAMH71,0300000412
雪芙蘭護唇膏 粉紅/維他命E,0401060161
曼秀雷敦變化粉紅脣膏,0401060167
艾迪美護唇膏10g/3B,0401060168
靠得住純白体驗Super超吸洞夜超,0302100075
BY16S 城市風情腳踏車 YC-51800,0205110992
靠得住溫柔宣言輕柔棉35cm*8片/3,0302100076
百倍麗保濕修護霜/50mL,0401000300
靠得住純白淨味紫羅蘭夜用特長35,0302100073
靠得住純白体驗Super超吸洞夜薄2,0302100074
中將湯,0204010170
妮傲絲翠果酸深層保養乳液40ml,0401000307
OB衛生棉條(夜安型)16條裝(不可,0302100077
芙蓉之四物鋁箔24g/10入★,0204010171
芙蓉生之化鋁箔24g/10入★,0204010172
霉菌青苔清洗劑 450cc★,0308090163
皂垢污漬清潔劑★,0308090168
黑剋靈神奇去污劑180g/瓶★,0308090167
騎士牌強力活性碳口罩-單入/50B/,0306050092
潔污高手擦拭布1入,0308090160
Atanaal Capsules 5/5.000 MG/,B022593100
優生棉羊嬰兒枕(藍)(粉)/2B,0301000118
(盈皓)純情抽取衛生紙 180抽10包,0308090173
維固巧軟膠囊120粒,0203020013
斯儂恩天然小黃瓜保養液1,0401080123
斯儂恩冰敷絲瓜露250g,0401080122
愛芙絲時尚美容美甲組★,0407030158
潔美淨活膚露200ml,0401080121
樹之惠天然樹液足貼唐辛子辣椒★,0407030159
奇力DHA100`S/12B/3T,0203020010
固定鋁板XL(7.8m-45.8cm)*3/盒,0305120696
竹炭腰帶 2L,0305120692
培寶超舒眠乳膠健康枕- 藍-粉/2,0301000127
樹之惠天然樹液足貼--艾草★,0407030162
樹之惠天然樹液足貼--薰衣草★,0407030161
樹之惠天然樹液足貼--生薑★,0407030160
樹之惠天然樹液足貼-蕃茄 美力UP,0407030166
樹之惠天然樹液足貼relax玫瑰★,0407030165
樹之惠天然樹液足貼--柚子★,0407030164
樹之惠天然樹液足貼--含鈦★,0407030163
樹之惠天然樹液足貼-南瓜活力UP,0407030169
樹之惠天然樹液足貼波菜 元氣UP,0407030167
樹之惠天然樹液足貼胡蘿葡衝勁U,0407030168
快樂蛙三輪車/綠(7+1)XG3105GP-0,0205140475
快樂蛙三輪車/藍(7+1)XG3105GP-0,0205140474
沙威隆潔膚皂100g,0404040036
天然精油入浴劑-假日熱情水果,0407030176
優生乳牙刷/3B,0306000111
Nac 天然防蚊噴液,0406090007
Olmetec Film Coated Tablets 2,B024497100
喜羊羊加大嬰兒枕(藍.粉)π/3B,0301000141
口手臉濕巾10抽3入,0302080184
口手臉濕巾70抽2入,0302080185
銀寶善存100+30's/10B(剪盒蓋有,0202040090
超彈力透氣型軟背架M,0305120679
【DC】小善存+鈣甜嚼錠60'S橘子/,0202040088
善存膜衣錠100+30'S/10B(剪盒蓋,0202040089
培寶幼兒矽膠安全乳牙刷/2B,0306000124
桂格養氣人蔘雞精68ml*6盒/箱/3,0206000068
進口水果香皂-草莓/72B,0404040055
進口水果香皂-青蘋果/72B,0404040058
Xalatan 50Ug/Ml (0.005%)/50.0,B022540414
竹炭腰帶 S HCO-5008-1,0305120688
S-38 立體型連指護腕,0305120687
健碩寶A+SUOER鈣粉150g/500B,0201040048
奇力RP綜合軟膠囊60`S/12B/3T,0202040094
健碩寶A+鈣錠120`s/1000B,0201040045
美的秘密美膚皂(傳統方)125gr,0404040059
巴黎春天蛋型去角質器★,0407030112
愛普樂斯媽媽孕體菁華900g/10+2,0202040099
超柔潔膚濕巾30片入(手口專用),0302080165
寶貝貝恩嬰兒柔濕巾(純水配方) 8,0302080163
好奇超厚倍柔濕巾(天然果油)70 *,0302080161
K03-M竹碳加強型軟鋼支撐套,0305120653
美的秘密美膚皂(檀香)125gr.,0404040061
K03-S竹碳加強型軟鋼支撐套,0305120652
美的秘密美膚皂(乾敏專用)125gr,0404040060
K03-XL竹碳加強型軟鋼支撐套,0305120655
K03-L竹碳加強型軟鋼支撐套,0305120654
淚目防水熊熊眼線液筆★,0403070093
Q寶寶5號優活鈣粉9合1. 400g /30,0201040037
Q寶寶8號優活鈣9合1咀嚼錠300粒/,0201040036
K03-XXL竹碳加強型軟鋼支撐套,0305120656
S01-S人性化可調式護腰,0305120657
S01-M人性化可調式護腰,0305120658
S01-L人性化可調式護腰,0305120659
01-540 指甲鉗(斜口),0407030126
瞬法足膜★,0407030125
控油平衡收斂水150ml,0401080154
一番足★,0407030124
飄香 除鞋臭100g,0407030123
松樹皮光采保水噴霧120ml★,0401080150
SB017 四面拋光折銼,0407030129
Nac嬰兒柔濕巾20抽6入( 超純水),0302080169
杏仁酸抗痘清潔慕斯150ml★,0401080151
SB019 指甲鉗( 環保中號),0407030127
Propranolol Tablets 10Mg (鋁,AC091021G0
SB127 美容剪(附蓋帶銼),0407030131
霓角質調理美白化妝水180ml★,0401080148
Nac手口用抗菌柔濕巾22抽5入,0302080172
幫寶適嬰兒潔膚濕紙巾補充裝3*56,0302080173
玻尿酸DNA彈力豐潤化妝水200ml★,0401080146
好奇厚型純水一般型嬰兒濕巾80 /,0302080174
Nac嬰兒柔濕巾60抽3入(超純水),0302080170
S01-XXL人性化可調式護腰,0305120661
S01-XL人性化可調式護腰,0305120660
奇力寶力加牛奶鈣350g/300B/6T,0201040026
健碩寶天然離子鈣顆粒食品120g/1,0201040025
【DC】停-健碩寶鈣嚼錠120's/100,0201040024
S901 刷樂旅行組(成人)/3B,0306000158
玻尿酸保濕化妝水180ml★,0401080144
SB038 修甲小器(油石條),0407030134
玻尿酸深度潤澤化妝水200ml★,0401080145
玉足的優-去角質足膜(套+磨足板,0407030139
拭拭樂72抽3入,0302080179
斯儂恩小黃瓜保養液噴瓶75ml,0401080141
刷樂護齒牙刷1入 S168A/3B,0306000162
3M-N95醫療級口罩9210/3B,0306050013
Baan修護唇膏5g(草莓)/3B(限),0406100022
MINI Cooper S-W456EQ-H202(紅),0300230031
樺達喉糖50粒檸檬口味/20B/20+1B,0203000113
斯儂恩曬後保濕米胜?150g,0401010447
斯儂恩曬後修護蘆薈凍150g,0401010446
京都念慈菴枇杷潤喉糖-金桔檸檬6,0203000118
LW613-H201(粉)電動速克達MDS120,0300230023
LW613-F102(瓢蟲綠)電動速克達MD,0300230024
【P】心勁喉糖20'S/1000B/10T,0203000108
天然仙楂果600g/3B,0203000106
【DC】柑桔油廚房強力清潔劑(噴,0308080011
鬱金香日式面紙散裝/1000入,0302150007
歐樂超纖細刷毛牙刷軟毛35號,0306000182
京都念慈菴枇杷潤喉糖-烏梅60g/,0203000132
同仁堂梨膏380gm/3B,0203000133
康之田潤喉糖100g(約25粒)/36B,0203000134
"Funa Tablets ""Curie""/250.000",A001963100
博智蜂膠口腔噴劑10ml/12B,0203000138
牙得安YDA-10波浪牙刷,0306000199
牙得安YDA-08大人牙刷,0306000197
牙得安YDA-08小孩牙刷,0306000198
紙口罩  100`s,0306050022
牙得安YDA-06仕女牙刷,0306000195
牙得安YDA-07(敏感性)潔柔牙刷,0306000196
百靈歐樂B充電式電動牙刷美白活,0306000193
牙得安YDA-05成人牙刷,0306000194
漁人兒童舒肺喘咳膏/10,0203000122
不鏽鋼筷19cm,0308080039
萬能垃圾網(大),0308080038
You&me嬰兒雙向推車MST-A201紅(2,0300230045
樂氣寧190'S/20+4B★,0203000129
美達適舒涼口含錠20粒/300B(限),0203000126
萬用油污酵素清潔劑2000cc★,0308080035
Actein Effervescent Tablets 6,A045993100
橡膠圓墊(痔用),0305090065
萬能垃圾網(中),0308080037
京都念慈菴枇杷潤喉糖 原味,0203020044
京都念慈菴枇杷潤喉糖 金桔檸檬,0203020043
Uformin Tablets 500Mg （鋁箔/,AC363491G0
萬用油污酵素清潔劑500cc★,0308080040
悠雀思麻蓉立記T3膠囊60`S★,0203020046
卓和3吋滅菌棉棒10入/包進口到台,0304000110
潔溜優質棉花棒200支細PP軸 /  /,0304000113
費雪牌疊疊小方塊,0300230079
卓和ENT滅菌棉棒10入/包,0304000111
霓煥白能量精華30ml★,0401010480
霓微導煥白亮顏晶凍150ml★,0401010481
紳辰碘液棉棒20入,0304000116
CSD海綿潔牙棒5支/包-有粉14.5c,0304000109
S&S 兒童SPF50防曬乳液/60ml/瓶/,0401040026
喜多納紅景天膠囊50顆2+1組,0203020050
日昇絨布精緻口罩,0306050042
Seroquel Tablets 25Mg/25.000,B022543100
蜂王漿保濕緊緻精華,0401010498
理膚寶水-青春每日更新精華露30m,0401010499
-康棉紙軸棉棒200支 / 24B,0304000100
20%杏仁酸深層煥膚精華液30ml★,0401010493
15%達克痘杏仁酸抗痘凝膠20ml★,0401010494
CSD滅菌3吋小棉棒(10支/包)/50B,0304000101
CSD滅菌6吋ENT棉棒(10支/包)/50,0304000102
30%達克痘杏仁酸抗痘凝膠20ml★,0401010495
CSD滅菌6吋普通中頭棉棒(10支/ ),0304000103
CSD滅菌6吋口腔棉棒(10支/包)/50,0304000104
CSD滅菌6吋沖洗棉棒(5支/包)/50,0304000105
5%杏仁酸深層煥膚精華液30ml★,0401010491
CSD滅菌6吋沖洗棉棒(6支/包)/50,0304000106
10%杏仁酸深層煥膚精華液30ml★,0401010492
培寶細塑軸棉棒(200支易開罐)2+1,0304000107
新寶納多孕補錠100'S/10+2(剪盒,0202040024
【客訂】紅景天食品膠囊90`S/盒,0203020026
合利他命愛糖衣錠25㎎/300'S,0202040029
鴻仲植物性DHA60粒,0203020025
合利他命F50糖衣錠100'S/20+1B,0202040026
合利他命F100糖衣錠100'S,0202040027
ISIS極效全能精萃10ml/支,0401010465
玻尿酸保濕原液30ml★,0401010468
玻尿酸妝前保濕精華50ml★,0401010469
杏笙氧氣鼻導管,0304200002
【DC】-停BestVite高濃縮卵磷脂,0203020031
金腦之素-90入,0203020037
環保碳酸鈣清潔袋(特大),0308090154
環保碳酸鈣清潔袋(小),0308090155
環保碳酸鈣清潔袋(中),0308090156
環保碳酸鈣清潔袋(大),0308090157
1366-青蛙頂篷音樂三輪車(水藍),0300230086
活膚美白潤色隔離乳30ml膚色SPF4,0401010470
霓毛孔緊緻精華30ml★,0401010472
粉刺溶解精華15ml pH5.5★,0401010473
贈品檔-倍舒柔110抽-抽取衛生紙8,0600000187
貝親奶嘴刷(PE033)/5B,0300200172
-幫寶適輕鬆穿女生M48片,0302020097
Amaryl M Tablets 2/500Mg/2.00,B024876100
妙而舒柔點清新乾爽紙尿褲M/42P/,0302020095
適敏康加強型乳酸膠囊60`S/600B/,0203030023
贈品檔-幫寶適特級棉柔體驗包(S,0600000199
截角禮,0600000192
大王境外紙尿褲(M)44片/4B,0302020091
"Nystatin Vaginal Tablets ""Yun",AC14596500
4入隔音耳塞,0307130115
H&B眼部冷熱敷墊,0305110007
昕泰清肺止咳丸 60*/Box (24+3),0203030031
H&B冷熱敷墊,0305110001
舒妃七萃3D立體蓬霧150ml★,0400060085
培寶較大安撫奶嘴(新)/2B,0300000368
貝親海棉奶瓶刷(PE032)/5B,0300200177
培寶初生安撫奶嘴(新)/2B,0300000367
舒妃七萃捲捲立體護造乳150ml★,0400060086
神經醯胺潤澤保濕面膜10入/盒★,0401020361
Weet-bix澳洲全穀片Mini(野莓),0200210078
Weet-bix澳洲全穀片(麥香)375,0200210076
Weet-bix澳洲全穀片(五殼)575,0200210077
培寶寶寶葡萄糖80入/2B,0201060017
【DC】黃色小雞超薄型奶瓶120cc,0300030246
培寶葡萄糖(添加乳鐵蛋白)60入/,0201060018
紅嬰洋蔘王液  半打100cc,0201060001
贈品檔-落健潔淨洗髮精200ml(落,0600000173
桂格大燕麥片2600g/4B(限),0200210068
力強有機大燕麥片600g/12B,0200210069
愛力寶金寶貝葡萄糖5gm42入/50B/,0201060006
(昭)抗菌布口罩(大人)單個/24B,0306050210
森田藥粧緊緻細白眼膜8入,0401020344
北海道麥片-草莓30g*13包,0200210074
澳洲佳穎速食大燕麥片800g/12B,0200210062
Plavix Film-Coated Tablets 75,B022932100
贈品檔-綠川黃金蜆錠/3錠入,0600000157
試用包-卡力強益勝+低鈉,0600000156
力強活力五穀粉(大人)450g,0200210049
桂格(神奇)燕麥片700g/12B,0200210043
3M雙效冷熱敷墊/大塊敷1入/3B,0305110045
舒立效口含錠酷涼薄荷16`S/16B,0203030003
大榮樟芝養身液30ml/10B/罐★,0206070080
天地合補高單位葡萄糖胺飲60ml*6,0206070087
LENDAW熱水袋,0305110017
珍果諾麗酵素菁華液600ml★,0206070082
倍迪樂子母冰枕,0305110016
桂格完膳腎臟病配方(透析配方)/2,0200190101
舒立效無糖(綠)16`S/16B,0203030011
小淘氣快樂天使紙尿褲M50片/6B/6,0302020068
舒立效口含錠柑橘24`S/24B,0203030014
穩健均衡管灌配方1kg/12B(需要,0200190109
抽取式網狀繃帶-4號,0304010116
"H&B冷熱冰袋""6""",0305110020
"H&B冷熱冰袋""9""",0305110021
桂格天地合補青木瓜四物飲60ml*6,0206070098
伊買游泳池LI-636R+50粒球/38*20,0205110162
佳童軟冰袋子母型,0305110025
長效型冰枕,0305110029
可推式幼兒機車椅(橘) 1053-1,0300210362
桂格養氣人參滋補液60ml*6入/盒/,0206070066
【客訂】摩舒益多30`S(冰)/30+3B,0203040089
鈺林-固衛寶新元素(粉狀) 30包1,0203040086
妙而舒頂級呵護紙尿褲(M)57P/4B(,0302020015
常兒樂30`S/10+2B,0203040081
唯登-CAE-G60,T000000206
芙美得三效緊緻撫紋霜200ml*2★,0402030031
IGY膠囊30`S★/5T,0203040082
-福生倍得膠囊150'S/50B,0202020053
HelthinGO點數沖抵,0600200002
【P】四物鐵+膠原蛋白飲品100CC/,0206070069
培寶嬰幼兒安全剪刀/2B,0300140025
帕瑪氏-除紋按摩霜(新配方)125g,0402030023
【P】補精飲品100CC/10B/10T,0206070070
吸濕快乾中單尿墊70*140cm(淡綠,0300210373
孕味俏媽咪極緻紝娠霜100ml,0402030028
孕味俏媽咪極緻舒漾?霧120ml,0402030027
Nac食物調理器七件組,0300210377
勝維達活性B膠囊10粒單排/ㄧ盒5,0202010100
德國百妮水漾特潤組(E+E水凝露11,0401070244
乳酸菌膠囊28顆(健)/3B★,0203040099
必惠達賜粉末150g,0203040096
消化加強S錠350`S/120B,0203040097
愛私蜜30`S/100+100B★,0203040092
【DC】酵素複方90粒,0203040090
活泉-元氣C口含錠90粒/瓶,0202020042
-超優質C/100`S/24B,0202020043
美達適天然蔓越苺C咀嚼錠100`S/5,0202020044
果蕾緊緻除紋霜125ml,0402030029
黃鴨嬰幼兒指甲剪,0300140018
【P】Nexx維他命C180發泡錠 20's,0202020046
友誠久達尼V200扭扭車(黃.紅.綠,0300210380
【P】Nexx維他命C1000發泡錠 20',0202020047
輕便雨衣-長袖,0307130199
葡萄王益菌王60顆(健),0203040066
美達適舒暢錠10`S,0203040068
美達適舒暢錠30`S/300B(限),0203040069
旅行家迷你急救包,0304050007
電子四段式大電毯-居家,0305300023
貝斯美德濕熱電毯,0305300024
-NATURINT赫本長效色潤/6B,0404020286
無患子氨基酸竹酢洗髮精1000ml★,0404020289
生薑活力草本洗髮精1000ml★,0404020288
十八銅人行氣散90g,0202020079
3M護理小幫手隨身包/3B,0304050001
黃鴨嬰幼兒安全剪刀,0300140002
惠幼益兒壯360ml[蘋果]單瓶*4瓶/,0206070055
可威大電毯-220V,0305300016
黃鴨雙氣孔較大十字XL-3,0300000307
帝通小藥箱,0304050016
旅行家保健箱(附藥),0304050015
直雙尖剪刀14.5㎝,0305070001
Aricept F.C. Tablets 10Mg/10.,AC46989100
【DC】-停BestVite長效維他命C膠,0202020062
日本味王膠原蜂蜜檸檬C片60`S/5+,0202020064
哈日喜顆粒1.5g*6包入,0202020065
活力送喜發泡錠16顆/盒/20B,0202020067
活力送喜發泡錠16顆/盒,0202020068
佳寶藥盒,0304050012
培寶全矽感溫湯匙/2B,0300210360
【DC】百倍麗無油淨荳照護組(控,0401070224
臭腳ㄚ除臭劑110cc★,0306070022
歐蘭足部粉末噴霧,0306070025
湯瑪士-造型彈跳水壼 500 CC,0300210320
FK-CC1鋁合金雙煞藍格,0305190115
"317018-SK助行器1""一般型藍色.綠",0305190111
A斯羅拉口含錠50顆,0202020091
普萊爾-淨堤元素15g,0203040058
惠幼益兒壯360ml[葡萄]單瓶*4瓶/,0206070033
惠幼益兒壯360ml[百香果]單瓶*4,0206070035
惠幼益兒壯360ml[草莓]單瓶*4瓶/,0206070034
蜜妮妙鼻貼女用10入,0307130150
蜜妮妙鼻貼男用10入,0307130151
E+E紫花潔顏組(雙效美白基酸潔面,0401070206
速補美C含鋅發泡錠 20`S,0202020089
寶爾潔白顆粒單包(30入盒售700,0202020088
夏日情懷檀香洗髮精 2000ml★,0404020243
帝通除鞋臭,0306070006
豐生雅潔除腳臭粉,0306070002
愛可妮潔面露150ml,0404000002
桂格漢補(膠原)蛋白玫塊飲120g/6,0206070000
Topsym Cream (Fluocinonide)/0,A018063329
鞋香除腳臭、腳皮的保養品(14入,0306070018
鞋香除腳臭、腳皮的保養品(7入,0306070017
纖淨錠-酵素90CAP,0203040035
奇力乳酸菌100`S/12B/6T,0203040034
瑞霖去蛋白多效保養液355ml(不,0307130139
鞋香除腳臭單包/100B(3包100元),0306070019
桂格活靈芝滋補液60ml*6入/盒/3,0206070016
立國 優步速 30粒/box CAP,0202030221
舒妃7萃受損修補菁華150ml★,0400030109
金加倍葡萄糖胺120粒,0202030222
日華護膝L★,0305210010
金蔘人蔘精華液120ML*6入(禮盒,0206070117
-日本味王-水姬精保濕飲/6入/盒(,0206070115
桂格完膳營養素(香草)/24B,0200190081
創意迷宮(1)K01★,0310010046
【DC】停-彩色人生-健甘配方800,0200190083
桂格完膳營養素液(糖尿病)/24B,0200190082
660開口交叉護肘,0305220036
-亞培兒童恩美力HQP優質.7kg/6B,0200030155
天然木酢大師洗碗精-檸檬多酚100,0308010041
舒妃毛鱗片護髮葉綠素140ml,0400030105
Janumet 50/500 Mg Film-Coated,B025043100
合心康乳木果油三帖植物軟膠囊60,0202030229
好益通醇 60顆★,0203040130
Aromase髮絲油切蓬鬆噴霧100ml,0400030103
藍寶洗衣槽清潔劑,0308010059
勇健好活力液100ml/5+1B(03.13),0206070108
有機添加歐露兒櫻花柔護髮油120m,0400030119
桂格無糖養氣人蔘液60ml*6入/盒/,0206070104
九益纖膠囊,0203040129
益樂暢,0203040128
高壓力護肘M★,0305220022
舒妃7萃護色修補菁華150ml★,0400030110
高壓力護肘L★,0305220023
飛機扭扭車/2B CA-06B(藍),0205140329
長壽梅丸1斤/3B,0202150046
展開式透氣護肘★,0305220025
炫麗紅護肘S★,0305220027
百誼 優立菌活菌膠囊100P (10+1),0203040124
有機添加歐露兒櫻花4.3護髮膜280,0400030118
-明治優質兒童奶粉4號90,0200030143
艾荷荷芭潤澤護髮油50ml★,0400030115
有機添加歐露兒草本瞬效護髮膜28,0400030116
草本維它命蓬鬆洗髮精350ml★,0404020225
草本超涼薄荷迷迭香胺基酸洗髮 3,0404020223
舒妃七萃護色增亮洗髮膜400ml★,0400030111
高壓力護肘S★,0305220021
竹炭提花軟鐵護膝M★,0305210036
竹炭提花軟鐵護膝L**,0305210037
竹炭提花軟鐵護膝XL★,0305210038
竹炭提花軟鐵護膝XXL★,0305210039
立體工(1)J03★,0310010021
超薄防水OK繃-中8片38*38,0207010001
針筒20ml,0305080010
竹炭提花護肘L★,0305220019
竹炭提花護肘S★,0305220017
矽膠軟墊護肘 S-17,0305220016
優的元素,0203040112
【DC】杏利金貝骨素加強錠(90粒/,0202030208
日華護肘M★,0305220010
針筒10ml,0305080019
奈米竹碳雙側條開洞護膝 O-18 L,0305210024
奈米竹碳雙側條開洞護膝O-18XL,0305210025
網狀高透氣護膝 T-35 M,0305210028
立國 液體檸檬酸鈣膠,0202030215
金補體素900g/罐/12B/箱,0200190097
三多低蛋白方800g,0200190095
穩健均衡管灌配方56.3g/18包/盒/,0200190093
亞培葡勝納利樂包230ml/27B/箱,0200190091
亞培葡勝納嚴選配方24缶/箱(箱,0200190090
大王戲水用尿褲女-L*3片/12B,0302160032
針筒1ml,0305080007
針筒50ml,0305080004
針筒0.5ml/100B(不拆零),0305080005
針筒5ml,0305080002
滴管3cc,0305080001
針筒2.5ml,0305080009
展開式透氣護膝★,0305210055
高壓力護膝L★,0305210052
-200㏄良碘(30支入),0304090008
G+灌食空針60c.c.W/O(25支/盒),0305080031
-450CC良碘,0304090001
30㏄良碘(50支入),0304090007
這是什麼？(新版)Y10-17★,0310010008
炫麗紅軟鐵護膝M★,0305210058
炫麗紅軟鐵護膝S★,0305210057
全扣式竹炭護膝綁帶★,0305210056
霓淨思零粉刺暢通毛孔組,0401070280
霓淨思高密度導水修護組,0401070281
施巴抗乾敏滋潤浴露1000ml(限),0404010198
施巴潔膚露1000ml(限),0404010197
妙而舒妙而褲L52片(量販包),0302160027
富強牌矽質胃管12號/10條/盒,0305080038
好奇柔適好褲升級版女L25+2/6B2/,0302160022
黃鴨睡眠/冰敷兩用枕,0301000006
滿意寶寶褲型女用L36P/4B,0302160023
妙而舒妙兒褲(L)32P(改良版)/4B,0302160020
好奇柔適好褲升級版男L25+2/6B2/,0302160021
竹炭提花護膝L★,0305210042
-久仁黃藥水(小)60cc,0304090019
竹炭提花護膝XXL★,0305210044
竹炭提花護膝XL★,0305210043
-大王褲型紙尿褲(L)28片,0302160017
100㏄良碘(30支入),0304090011
天乾雙氧水60ML,0304090014
高壓力軟鐵護膝M★,0305210046
白蘭氏燕窩禮盒70g5入,0206080050
久仁黃藥水(大)500cc,0304090018
-久仁雙氧水(小)60cc,0304090017
小善存+鈣甜嚼錠(橘子)30`S/10+,0202020011
御品冰糖雪耳燕窩禮盒9入/3B★,0206080059
杏華助行器SK-7018（固定型）,0305090105
夏日情懷薰衣草沐浴乳2000ml★,0404010187
夏日情懷玫瑰精華沐浴乳2000ml★,0404010188
滿意寶寶褲型男用L36P/4B,0302160013
夏日情懷檀香沐浴乳 2000ml★,0404010182
杏華四腳拐大爪平K,0305190065
公雞溜滑梯147*88*110SL-14(4B17,0205140331
黃鴨多功能剪刀,0300140035
嫩白無瑕組(光采防曬乳50ml+杏仁,0401070269
愛力寶左旋維他命C蔓越梅60'S/12,0202020022
金碘藥水(120ml),0304090027
金碘藥水(30ml),0304090025
精氣合補人蔘靈芝禮盒8入+人參荼,0206080062
朴蜜兒安全指甲組HRA36308,0300140034
30C.C.天乾聖碘溶液/50B,0304090023
Hello Kitty芝麻蛋捲禮盒-經典 /,0206080064
近江兄弟白藥水70ml/3B,0304090020
培寶兩段式階梯學習馬桶,0305100008
朴蜜兒環保心型搖鈴(玉米塑料),0300210276
有機添加歐露兒頭皮活氧水50ml★,0400030121
有機添加歐露兒頭皮活氧護髮膜28,0400030120
炫麗紅軟鐵護膝XL★,0305210060
YH129鋁製助行器(R型),0305190051
YH119-1鋁合金輪椅(可折背),0305190054
諾鈣C20`s/12B,0202020036
桂格嬰兒胚牙米粉500g/12B,0200170101
潔美淨活膚霜200ml*2+潔膚凝露60,0401070271
潔美淨調理霜75ml+低敏防曬60ml/,0401070272
美白與保濕的極致經典組(煥白精,0401070273
春夏美白超強限定(玻尿酸美白精1,0401070274
摩戴舒-一般醫用面罩(?石型50片,0401070278
安素液涵纖237ml/24B(箱購1392,0200190009
,0302180309
施巴潔膚皂150gm(限),0402090006
-旅行家N95不織布口罩親,0306050191
Lorapseudo Sr F.C. Tablets 5/,AC57121100
贈品檔-優活抽取衛生紙,0600000231
益力康800g/12B,0200190003
益力壯900g/12B,0200190002
871膝關節-XL,0305210096
兒童防塵口罩50入藍色/盒/40B,0306050197
貫利醫用成人口罩50片/盒(限),0306050198
來店禮-霓煥白能量精華7ml★,0600000239
醫療防塵口罩50入藍色/盒/40B,0306050195
871膝關節-L,0305210095
旅行家N95活性碳口罩親子包 5入,0306050194
-旅行家N95不織布口罩婦,0306050189
尼古清戒菸口嚼錠2㎎/105片/盒\\,0306100012
尼古清戒菸口嚼錠4㎎/105片/盒,0306100011
尼古清口腔吸入劑10mg/18支,0306100018
贈品檔-媽媽好禮面膜,0600000221
來店禮,0600000223
贈品檔-超級敏素成人版(30粒入),0600000224
贈品檔-身得壯活力壯水解麥精700,0600000226
兒童防塵口罩5入/包/10包/盒,0306050183
贈品檔-身得壯活力好水解米精700,0600000227
Nootropil Film-Coated Tablets,B021165100
匠心醫用級三層醫用口罩5入/包(,0306050178
沙威隆沐浴乳蘆薈1000g,0404010138
菸友爽香煙沾劑,0306100007
幼幼彩色醫用平面口罩5入/10B,0306050170
成人彩色平面口罩5入/10B,0306050172
蹦米乓婦幼口罩(藍.綠)5入/包/40,0306050177
匠心醫用級四層活性碳口罩5入/ /,0306050176
,0200190017
益肺佳(香草)237ml/24B/(箱購219,0200190014
,0200190012
摩戴舒鑽石型兒童面罩(花紋)3片/,0306050162
摩戴舒鑽石型兒童專用面罩5片/ /,0306050161
摩戴舒鑽石型一般醫用面罩(L)5 /,0306050160
贈品檔-泡飲杯,0600000207
贈品檔-力強高優質蛋白營養素450,0600000202
摩戴舒鑽石型活性碳面罩(L)1片/,0306050163
日昇滅菌不織布紗布塊4*4 3片/24,0304010057
棉墊 4*6(2片裝)/包/220包/箱,0304010058
日昇滅菌不織布紗布塊2*2 10片/2,0304010055
日昇滅菌不織布紗布塊3*3 5片/24,0304010056
棉墊 5*8(2片裝)/包/220包/箱,0304010059
抽取式網狀繃帶2號手掌155cm,0304010050
抽取式網狀繃帶5號大腿125cm,0304010053
平面3層醫用口罩5入(女性.兒童)/,0306050157
環保媽媽平面3層醫用口罩5入/包/,0306050156
抽取式網狀繃帶6號頭部115cm,0304010054
抽取式網狀繃帶3號腳踝145cm,0304010051
抽取式網狀繃帶4號膝蓋135cm,0304010052
平面4層醫用活性碳口罩5入/包/10,0306050158
齒治靈全效牙齦護理牙膏120g,0306050154
CSD醫療防護口罩 鬆緊 綠/10B,0306050155
萊潔平面式耳掛口罩(幼兒用)/5,0306050151
沙威隆-潔身液1000ml/6B,0404090012
亞培NEW小安素強護配方1600g/6B,0200030188
亞培NEW小安素強護配方850g/12B,0200030187
抽取式網狀繃帶1號手指165cm,0304010049
亞培心美力兒童奶粉4號1700g,0200030183
亞培心美力兒童奶粉4號900g,0200030182
Meitifen Sustained Release F.,A044041100
防溢母乳墊(30入),0303020002
萊潔平面式耳掛口罩(成人用)/5 M,0306050149
CSD滅菌紗布塊4*4(10片/包)/50B,0304010040
佑康超薄產墊12片入,0303020005
滿意寶寶瞬潔乾爽XXL30P/包/4B(,0302050026
金好奇護膚乾爽紙尿褲PH5.5 XXL2,0302050027
三多奶蛋白P93 500g,0200190036
滴露潔身液750ml/12B,0404090001
金貝貝棉柔透氣紙尿褲XXL27+1/6B,0302050024
-幫寶適超薄乾爽系列XXL36片,0302050025
黃鴨奶嘴刷2入,0300080085
能恩4號優質兒童奶粉800g/6B/箱,0200030172
【DC】停-敏兒八珍-兒童奶粉900g,0200030171
黃鴨360度奶瓶刷,0300080086
史奴比造型奶瓶刷(直立式)/3B,0300080087
新金荷寶4號兒童營養強化奶粉1.8,0200030174
身得壯4強化兒童奶粉850g/12B,0200030173
S-26金學兒樂先進配方1600g/6B/,0200030176
,0302050017
敏兒八珍優益菌兒童奶粉1600g/6B,0200030178
新Nature1豐力富3-7y兒童奶粉1.5,0200030177
兒童不織布醫療三層口罩5入/包/1,0306050134
Nac海綿奶瓶刷,0300080081
培寶矽膠旋轉奶瓶刷,0300080082
優生嬰兒抗菌透氣手套(藍/粉)台,0306050138
ING醫用口罩5入/包/100B(藍.綠.,0306050131
優生綿羊印花紗布立體口罩兒童-,0306050132
噓噓樂巨無霸-XXL(28)/8B,0302050014
亞培健力體237ml/罐/24b/箱購149,0200190068
亞培管灌安素237ml8盎司/罐/(箱,0200190069
力強杏仁粉400G/罐/12B/箱,0200190066
活潑寶寶紙尿褲XXL號29P/4B(箱,0302050011
妙管家天然洗潔精1000g(1+1),0308010034
-美強生優童A+小朋友營配方)1700,0200030162
【DC】-停亞培小安素強護三重奶,0200030160
-亞培NEW小安素強護配方,0200030167
金可貝可兒童營養奶粉1800g(新,0200030164
滿意寶寶褲型M號38P/4B,0302180314
滿意寶寶褲型男用XXL19P/4B,0302180312
滿意寶寶褲型女用XXL19P/4B,0302180313
-亞培NEW小安素強護配方,0200030168
大王戲水用尿褲男-M*3片/12B,0302180316
旺仔米餅胡蘿蔔/11+1B,0205030436
補體素(原味)750g/12B,0200190051
旺仔雞肉蔬菜米餅/11+1B,0205030438
旺仔精純米餅/11+1B,0205030437
好奇柔適好褲升級版男XXL16+2/6B,0302180310
桂格MUST幼兒多力新一代小朋友,0200030170
天然木酢大師洗碗精-柑橘多酚100,0308010039
沖洗用生理食鹽水,0304150022
永豐生理食鹽水20ml/50支(不拆零,0304150024
身得壯活力強水解麥精700g/12B,0200140150
益兒壯黑棗麥精700mg/12B,0200140152
-身得壯活力壯水解麥精700g/12B,0200140151
桂格幼兒多力麥精/750g/12B,0200140154
傳佳知寶-?棄式乳墊120入,0303020028
敏兒八珍優益菌水解麥精700g/12,0200140153
貝親防溢乳墊30片 /33+3B,0303020027
滿意寶寶防溢母乳墊 68P/3B,0303020026
廣欣舒鼻淨生理海水噴霧器10+2B,0304150015
星捷舒鼻淨生理海水噴霧器(未滅,0304150014
黃鴨幼童牙刷18-36月,0300200282
廣欣止鼻鼾噴霧劑12+1B,0304150013
易舒透生理食鹽水500ml/30B/5T(3,0304150012
黃鴨網狀沐浴床,0300200284
黃鴨標準PES奶瓶140c,0300030375
培寶一般口徑奶瓶蓋/2B,0300030373
,0300000264
力強寶貝一般口型奶嘴6入/70B,0300000262
乳墊 34入裝/11+1B,0303020038
黃鴨圓型奶瓶螺牙蓋,0300200279
Cinopin Tablets 5Mg/5.000 MG/,A048994100
南光生理食鹽水(共同栓)500,0304150004
信東舒眼人工淚液20支入(不可退,0304150003
BestVite天然高濃縮蜂膠膠囊500M,0202080117
,0300020068
超級敏素成人版(30粒入)★,0202080115
包大人替換式紙尿片(28)*6,0302060097
艷陽雞蛋花護手霜 59ML,0402050108
清新白麝香護手霜 59ML,0402050107
過力敏60`S/盒/★,0202080113
"研缽組（3""）",0307130006
KB1250家用低電壓肩頸部碳纖維熱,0305110116
BestVite左旋麩醯胺酸粉末5000mg,0202080111
BestVite BCAA支鏈胺基酸粉末500,0202080110
【DC】停-芭弗莎林生理食鹽水20m,0304150007
輕鬆走棉洗棉褲5件/男L/3B,0307130009
玩具牙齒咬環R3/P13192,0300020074
【客訂】鳳梨精華素90顆/12+1B★,0202080108
黃鴨洗髮隔水浴帽,0301090030
玩具牙齒咬環R1/P13190,0300020072
玩具牙齒咬環R2/P13191,0300020073
黃鴨抗菌盒造型固齒器,0300020078
黃鴨保潔盒雙色造型固齒器,0300020076
黃鴨保潔盒雙色圈圈固齒器,0300020077
新銀寶善存50+ 100+30's/10B(剪,0202040300
【客訂】包大人全功能M號白色20,0302060089
培寶洗衣精促銷包(綠茶)2000ml*1,0308000085
KB12720八合一多部位熱敷墊★,0305110126
H&B新一代多功能冷熱敷墊M號,0305110125
復體能液態營養素12入禮盒組/6B,0200190210
黃鴨甜甜圈固齒器,0300020009
立得康鉻100單罐250ml/24B(限)(,0200190211
包大人全功能M號/20片/6B(彩包,0302060071
包大人全功能L號16片/6B(彩包可,0302060072
德國雅法克麩醯胺酸,0202080134
富寶樂左旋麩醯胺酸500gm★,0202080133
亞培安素香草8入禮盒237ml*8,0200190218
普萊爾活樂P元素60`S100b,0103050121
藻康富低GI 56g*20包/盒/10B,0200190215
亞培葡勝納嚴選配方8入禮盒組250,0200190220
培寶安全固齒器/2B,0300020018
安素優能基奶粉850G/12B/箱/36+1,0200190223
桂格完膳營養素(香草)6入禮盒,0200190225
利清爽成人替換式尿片(56042)48p,0302060061
第三代舒敏兒3g *20包*3入/300B(,0103050130
立迅熱水袋,0305110149
桂格完膳營養素液(糖尿病)6入禮,0200190226
"Magnesium Oxide Tablets ""King",A023521100
利清爽成人紙尿褲M號16P/6B/箱,0302060054
【DC】艾比熊抗菌造型奶瓶,0300030341
安親成人紙尿褲(漢方)M-L號16P+2,0302060056
安親成人紙尿褲(漢方)L-XL號13P+,0302060057
,0300020029
來復易整夜一片就安心紙尿片22 /,0302060058
Nac真珠嬰兒皂,0406030024
Nac牛奶燕麥-嬰兒皂,0406030023
喜羊羊洗澡海綿(藍.粉)/3B,0300070041
,0300070048
5002  幼兒洗髮帽,0300070042
立攝氏糖尿病配方草莓口味237ml/,0200190200
來復易復健成人紙尿褲(XL)7片/4,0302060048
來復易柔適安心紙尿片30片/6B,0302060046
威爾登冷熱敷墊中型(北極熊版)26,0305110161
復體能液態營養素6入禮盒組/5B,0200190209
力強寶貝寬口型奶嘴5入/70B,0300000288
立攝適腎臟透析適用配方237ml/24,0200190204
妙糖康液態營養素單罐(箱購24入1,0200190207
威爾登冷熱敷墊大型(北極熊版)26,0305110160
優生奶瓶消毒鍋(娃娃)贈矽晶奶,0300130029
培寶負離子奶瓶烘乾消毒鍋,0300130023
白樂汀酵素漱口水 473ML,0306020120
安安大尺寸看護墊6片60*90/包/12,0302060037
優兒力壯電解蘋果口味350ml/24B,0206020016
安安看護墊(特大)10片45*70/包/1,0302060036
幫寶適超薄M62片/4B,0302020146
滿意寶寶瞬潔乾爽M,0302020141
滿意寶寶極緻呵護M62片/4B,0302020142
3M4入隔音耳塞/3B,0307130059
來復易復健成人紙尿褲(L)9P/4B,0302060024
來復易輕薄活力褲(XL)7P/4B,0302060022
來復易輕薄活力褲(L)8P/6B,0302060021
來復易輕薄活力褲(M)9P/6B,0302060018
簡易尿袋(有切),0305100014
幫寶適超薄M10片(附20元折價券)/,0302020139
護膚乾爽PH5.5體驗包M6/30B,0302020137
來復易復健成人紙尿褲(M)10P/6B,0302060017
金好奇護膚乾爽紙尿褲PH5.5M58+,0302020133
活潑寶寶紙尿褲M52+2P/5B(箱購 1,0302020131
幫寶適-超薄乾爽M100片(量販包),0302020132
妙而舒頂級呵護M78片(量販包),0302020130
”Bd”Pen Needle”必帝”注射筆,NAN020031NBD
Tinten Tablets 500Mg/500.000,A040130100
歐樂B5效潔淨牙刷1入,0306000305
噓噓樂透氣輕柔-M56/6B,0302020127
歐樂B超細毛深層清潔牙刷40號3入,0306000307
桂格敏兒麥精(五種水果)700g/12,0200140103
滿意寶寶瞬潔乾爽M 9P/包/24B,0302020122
金貝貝棉柔透氣紙尿褲M52+4/4B,0302020123
桂格敏兒麥精(吻魚蔬菜)700g/12,0200140102
幫寶適特級綿柔M56片/4B,0302020124
桂格敏兒麥精(雞汁排骨)700g/12,0200140104
-幫寶適超薄M66片/4B,0302020125
桂格敏兒麥精(纖果順暢)700g/12,0200140101
杏笙便盆-粉紅色N-89 /20B,0305100022
【DC】牙籤刷WA-976,0307130073
卡通防水OK繃15片19*72,0207070001
-桂格幼兒多力麥精/850g,0200140116
滿意寶寶瞬潔乾爽M60/4B(箱購價1,0302020118
幫寶適-特級棉柔M84(量販包)/3,0302020116
金好奇極緻柔適紙尿褲M36+4/3B,0302020119
龜苓膏220g/3B,0205020051
隨意氣枕kp-102,0307130021
嬌生嬰兒洗髮精500ml,0406000048
,0302020101
嬌生嬰兒洗髮沐浴泡泡400ml,0406000040
狐無止汗體香露-花香3oz,0405010003
狐無止汗體香露-清香3oz,0405010002
美滿寶貝CBP蔬果麥精450g/12B,0200140130
IC105-BE洗澡兩用便器椅,0305100052
金優兒力壯黑棗蔬果麥精850g/12,0200140139
黃鴨長方身高圖兩用巾,0301070391
【DC】嬰兒植物精華洗髮精250ml,0406000070
O-Shine膠原蛋白清潔粒8'S★,0401050051
Nac真珠洗髮乳/400ml,0406000068
玩具奶嘴/60入/桶,0300000209
Nac牛奶燕麥洗髮乳/700ml,0406000066
Nac牛奶燕麥洗髮乳/400ml,0406000065
美口潔漱口水770mL/?,0306020119
佛蕾-蜂蜜橙花深層滋潤洗髮乳200,0406000062
【DC】停-新安妮麥精900g/12B(,0200140146
【DC】停-新力強寶貝幼兒水果麥2,0200140149
AROMASE寶寶溫和洗髮沐浴露350ml,0406080043
AROMASE寶貝溫和洗髮沐浴泡580ml,0406080044
佛蕾去角質凝露燕麥酵素250ml★,0401050044
Diovan Film-Coated Tablets 16,B023374100
Genesafe Tablets 200Mg (Mephe,AB427431G0
司衛妥保健漱口,0306020112
盼體香劑無香(綠)44ml(不可退換,0405010040
盼體香劑花香(紅)44ml(不可退換,0405010041
廠商折價卷(5元),0501000062
盼體香劑爽身粉香(藍)44ml(不可,0405010042
美的適-購來累積好康卡,0501000064
妮維雅止汗爽身乳液-嫩白滾珠50m,0405010043
透明噴槍頭-藍.紫.粉,0407040022
100cc噴頭空瓶,0407040020
修神易1000`s/瓶,0202010041
拜維佳維他命B群發泡錠-熱帶搖,0202010042
速佑寶BEX軟膠囊60'S,0202010040
QQ-軟糖-C 120GM(惠幼),0205010679
速佑寶BEX軟膠囊120'S,0202010044
渡邊維他命B12膜衣錠60`S,0202010060
【DC】蕊娜制汗爽身噴霧—沐浴,0405010057
妮維雅止汗(女)活力滾珠(白50ml/,0405010058
達濃露(滾珠)30ml/6+1B(03.13),0405010059
佳思美清體香(止汗制臭噴劑)45cc,0405010053
-培寶洗護五件組禮盒,0406080032
SB829 30cc扁瓶,0407040038
SB853 75cc壓瓶,0407040039
黃鴨水果造型圍兜,0301030191
Nonin Tablets 2Mg/2.000 MG/錠,A048068100
美可寶膠囊MECOVAL 0.5MG 100'S/,0202010056
除蟑?家補蟑屋2入 / 12入,0307040029
唯登-MKK-71,T000000166
多功能健康美容沐浴器KF-S6★,0407040047
新可愛兔旅行組紫★,0407040045
山芭樂茶單包/60B(一盒60包售120,0202150153
SB856 100cc壓瓶,0407040040
日本味王男用維他命B群加強錠120,0202010067
渡邊口健美5B糖衣錠120`S,0202010063
超級B群+C 50顆/3B★,0202010080
立得康頂纖250ml/24B(限)(箱購12,0200190191
立得康高鈣(香草)250ml/24B(限)(,0200190190
博智復體康全方位均衡營養品56g*,0200190195
3M克淋濕防水透氣繃大8片/3B,0307040035
撲蟑蟑螂形凝膠5g,0307040037
立攝氏糖尿病配方香草口味237ml/,0200190199
益富益葡寧糖尿病配方適用750g/1,0200190198
50CC針筒,0304060003
立攝適均康營養均衡配方香草237m,0200190197
5CC針筒,0304060006
復體能液態營養素250ml/24B(箱14,0200190196
0.5CC針筒,0304060009
金多多B錠60顆/30B★,0202010078
金撲蟑餌劑(R18)★,0307040033
愛斯B加強膜衣錠150`S/30+24B,0202010079
(家家)必安住除蟑螂6入,0307040034
山芭樂茶3.5g*24包/盒,0202150167
萊萃美B群100顆,0202010072
施巴嬰幼兒洗髮乳500ml(限),0406000038
培寶嬰兒洗髮精-綠茶300ml,0406000036
-樂力民膜衣錠Rolimin 1000顆,0202010075
黃鴨抗菌食物調理器,0300050007
【DC】停-新身得壯營養強化奶粉1,0200080120
愛美斯/12B,0200080121
毛巾布繡花圍兜(藍)(粉)/2B,0301030153
【DC】艾比熊莫哭餵藥器,0300050015
培寶奶嘴式餵藥器/2B,0300050012
德國百妮六胜?水合凝晶100ml★,0401010298
S&S 曬後蘆薈凍蜜/225ml/瓶/3B,0402040026
Hello Kitty牙刷,0306000337
TOMICA 0.5-3歲兒童牙刷,0306000339
【DC】停-滿意寶寶兒童系列晚安,0302040029
妮維雅止汗乳膏男滾珠50ml/2B,0405010067
妮維雅止汗乳膏清新滾珠50ml,0405010066
6-12歲兒童牙刷2入組,0306000342
TOMICA 3-6歲兒童牙刷,0306000340
1.5~5歲兒童牙刷2入組,0306000341
好玩的海灘Y31-1★,0205140233
富維康膜衣錠B/50'S/100B,0202010021
亞欣寶軟膠囊10'S/300B,0202010026
喜羊羊防水圍兜(藍.粉）/3B,0301030176
卡通紋身防水OK繃6片25*57,0207050001
喜羊羊立體圍兜(藍.粉）/3B,0301030178
高露潔牙刷/支/72B,0306000350
克補鐵100'S/10+2B(剪盒蓋有折,0202010033
克補鋅100'S/10+2B(剪盒蓋有折,0202010032
亞欣寶軟膠囊60'S/12B,0202010034
活泉-護孕葉酸膠囊90`S/24B,0202010030
日方活力康糖衣錠120`S,0202010037
拜維佳水溶性維生素發泡錠30錠/3,0202010036
修神易6`S/排*50排(ㄧ盒300,0202010039
嬌生美體主張潤白沐浴乳1000ml,0404010258
杜蕾斯保險套綜合裝6入,0303102026
嬌生美體主張香氛沐浴乳1000ml,0404010259
優生玻璃一般口徑大奶瓶L240ml(1,0300050040
糖飴 450g/罐,0200190148
人生渡邊元氣能量發泡錠,0202040246
冠必寧Cardionin 30顆/盒★,0203050134
甘蔗原素草本複方60顆/12+1B★,0203050135
健好 貝易爾康 膠囊,0203050137
(首善) 朝鮮薊複方維他命B群,0202040243
賽吉兒潔浴慕絲150ml,0404010241
貝斯美德ㄇ型自動肩部熱敷墊,0305110054
高基能好顧醇15錠(健)(廣)(限),0203050127
元氣強 24g × 30包/袋1活動買2,0200190138
賽吉兒男士專用沐浴拿鐵250ml,0404010240
立國高單位維他命-B50,0202040250
大象滑梯173*88*100SL-02A,0205140268
速力金初乳粉500g/罐/12B★,0200190134
亞培普寧腎(香草)237ml/24B/(箱,0200190130
藥聯 得力四效精粹綜合維他命(5+,0202040255
體適能均衡營養配方900g/罐/12B,0200190133
百強芝補好甘素900g/12B,0200190129
力強新活力元素低鈉配方900g/12,0200190127
力強新Q10多酚真心配方900g/12B,0200190128
Novomix 30 Penfill 3Ml 100U/M,K000768266
草本菁萃身體潔淨露250ml,0404010274
S&S 運動SPF50防曬乳液/60ml/瓶/,0402040052
R&R急速冰涼巾 /1入,0305110086
【P】多脈膠囊食品500mg 30'S★,0203050116
身體幻想清新白麝香沐浴乳354ml,0404010275
S&S 日用SPF50防曬乳液/60ml/瓶/,0402040050
貝親衛生夾/5B,0300110009
香蕉水槍20g/支/6B,0205010614
益生菌恐龍家族香Q軟糖100g/罐/2,0205010616
Aromase草本玫瑰胺基酸瞬間護髮,0400030063
,0205010617
美的適育兒補助金(300),0501000006
美的適育兒補助金(200),0501000007
美的適Ａ好康卡,0501000008
美的適VIP會員卡,0501000009
玻尿酸保濕眼霜15ml★,0401030091
京都念慈菴複方川貝枇杷膏 198g,0202040263
育兒補助卡折扣(40),0501000004
奇力Q10軟膠囊 60`S/12B,0203050113
循克滴劑(複方)60ml(一盒2支售20,0203050114
身得壯固本GI美膳900g/罐/12B(,0200190120
日本Hello Kitty退熱貼片(薄荷,0305110090
亞培安素高鈣6入禮盒組237ml*6,0200190125
亞培安素高鈣237ml(箱購1500元)/,0200190124
益康能補體營養素900g/12B,0200190119
循利寧Cerenin 100ml/支/6B/盒,0203050108
嬌生PH5.5沐浴乳 1000ml2合1,0404010265
循利寧Cerenin 100顆/盒,0203050107
杏仁酸全淨化沐浴露500ml★,0404010266
Baraclude Tablets 0.5Mg/0.500,B024469100
沙威隆沐浴乳薰衣草1000g,0404010262
Nolvadex Tablets 10Mg/10.000,B022154100
廠商折價卷(50元),0501000019
雙魚子晶潤眼霜 15ml(多1,0401030086
廠商折價卷(30元),0501000017
超補B+鐵,0202040270
廠商折價卷(40元),0501000018
超補B+鋅,0202040271
水果QQ糖罐220g/3B,0205010600
紅蜻蜓巧克力罐180g/3B,0205010601
廠商折價卷(20元),0501000016
美的適育兒補助金(100),0501000014
貓頭鷹滑梯(短)+鞦韆182*135*124,0205140280
博世特益木發泡飲20顆/組,0202040276
Coaprovel 150Mg/12.5Mg Film-C,B023266100
藻康富均衡低GI特殊營養品/12B,0200190111
亞培健力體900g/罐/12+1B,0200190110
小白兔滑梯+鞦韆160*170*111SL-0,0205140283
藻康富均衡營養品(高纖)3kg/包/4,0200190113
藻康富均衡營養品(綠藻)1kg/包/1,0200190112
佑康彩包看護墊  60*70 (10片/ ),0302070008
應元美斯可 (甲鈷胺明) B12,0202010085
維體康 100',0202010088
開胃寶貝QQ軟糖100g/200B,0205010635
利清爽成人看護墊10P/12B/箱,0302070006
ACE水果Q軟糖量販包240克/包,0205010636
蘇菲超薄護墊-加長型花香28片/36,0302110030
佑康彩包看護墊  40*70 (10片/ ),0302070007
ACE聰明Q軟糖量販包240克/包,0205010637
凱蒂貓3D杏桃沐浴露押400ml,0404010213
健康太好維他命益生菌雙層錠60顆,0202040207
凱蒂貓花系列3D沐浴露300ml(紙,0404010217
立得康高鈣250ml/24B(限)(箱購13,0200190189
三多增稠配方216g,0200190188
廠商折價卷(100元),0501000020
貝比斯特-牛奶鈣片60g/6B★,0205010632
寶寶好康卡折扣金(50),0501000024
兩用桌椅105*77*57FU-01(12+1),0205140297
育兒補助卡(600),0501000027
體適能活力胺基酸優鈣強化配方42,0200190181
俏麗孕媽咪好康卡(600),0501000026
Happy GO點折抵(1元/3點),0501000029
貝比斯特-魚肝油軟糖60g/6B★,0205010630
寶齡昇髮密碼養髮液Minoxidil5%(,0202010096
貝比斯特-葡萄籽軟糖60g/6B★,0205010628
貝比斯特-水果C片60g/6B★,0205010629
日本一番成人替換式尿片48片/6B,0302070017
"冰溫敷袋TPU  9""(23公分)",0305110095
"冰溫敷袋TPU  11""(28公分)",0305110096
佐藤退熱貼6片/6+1B(03.13),0305110097
"Ateol F.C. Tab. 100Mg ""Standa",AB330291G0
妙管家洗衣粉4.5KG/盒/4B,0308000078
"冰溫敷袋TPU  6""(15公分)",0305110094
廠商折價卷(10元),0501000030
博智嘉恩康馥素均衡完整營養素1.,0200190175
唯登-CAW-08,T000000198
孕補多種維生素60'S,0202040212
廠商折價卷(30),0501000032
康體素專業優質營養品均衡配方19,0200190177
亞培安素四口味綜合禮盒8入箱購4,0200190170
優麗潔小天使415mm產婦專用衛生,0302070012
信用卡手續費,0501000038
佑康彩包看護墊  60*90 (10片/ ),0302070011
金好奇活動廠商折價卷(40),0501000037
桂格機能燕麥片50ml/罐/24罐/箱/,0200190171
亞培安素雙卡237ml/24B/(箱購210,0200190173
美的適50元折價卷,0501000035
添寧看護墊L8/60*75cm/12B,0302070010
英騏核桃杏仁茶18入*30g,0202150111
靠得住蘆薈透氣護墊標準型沐浴,0302110052
英騏義式炭燒咖啡30入*17g,0202150114
舒適達人漢方草本輕巧量少護理18,0302110057
舒適達人漢方草本輕巧護墊15cm16,0302110056
蘇菲瞬吸加長155護墊無香32P/包/,0302110055
【DC】抗菌洗衣精補充包2000gm/6,0308000045
【DC】妙管家抗菌洗衣精3000+100,0308000046
妮維雅清爽保濕噴霧(SPF30)150ML,0402040095
妮維雅滋潤防晒乳液(SPF30)75ML/,0402040094
亞培安素草莓237ml/24B(整購1320,0200190165
亞培安素巧克力237ml/24B(整購13,0200190166
亞培安素香草237ml/24B(整購1320,0200190164
美的適活動報名費(100元),0501000044
玻尿酸保濕洗面乳125ml★,0404010239
宅配運費(箱),0501000040
美的適_金公銀婆強健卡,0501000047
博智康馥能左旋醯胺酸500g※/11+,0200190161
博智康馥能左旋醯胺酸10g*20包 /,0200190162
旺仔小小酥-輕辣30g*12包*4盒/11,0205030576
旺仔小小酥-雞汁30g*12包*4盒/11,0205030577
無患子氨基酸竹酢沐浴精1000ml★,0404010220
點數折抵_3點1元,0501000056
天新力錠狀食品60'S,0203050148
SATO快維康 200',0202040231
樂立循滴劑100ml★,0203050146
樂立循膜衣錠120`S★,0203050145
立攝氏快凝寶晶澈125g/罐/12B,0200190155
藻康富低GI均衡營養配方1860g/6B,0200190156
【DC】慢羊羊3D滋養沐浴露500ml,0404010229
舒利視膠囊60顆,0203050144
旺仔小小酥-海苔30g*12包*4盒/11,0205030578
排卵檢測卡5入/盒(限),0303050002
紙杯 50入/40B,0307130395
四角-老仙楂30g/12B,0205090166
3M防音耳塞1100  1付/袋/3B,0307130399
愛爾康全方位潤澤保養液300ml/24,0307130398
四角-木瓜絲25g/12B,0205090165
旅寶輕便刀2入 / 84入,0307130397
小圓罐-七珍梅45g/12B,0205090168
Nac寬口徑矽膠奶嘴(十字孔/6M+)*,0300000618
小圓罐-陳年仙楂丸50g/12B,0205090167
杜蕾斯保險套環紋型12入(藥局專,0303100027
杜蕾斯薄型保險套12入（藥局專,0303100026
杜蕾斯穩健型裝保險套12入,0303100025
纖薄型透氣腰痛保護帶L/XL黑,0305230092
杜蕾斯保險套活力裝-12入,0303100029
Nac寬口徑矽膠奶嘴(十字孔/3-6M),0300000617
20元一起分享-辣芒果/10B,0205090161
Nac寬口徑矽膠奶嘴(圓孔/0-3M)*2,0300000616
Nac標準矽膠奶嘴(十字孔/0-3M)*2,0300000615
Nac標準矽膠奶嘴(十字孔/3-6M)*2,0300000614
20元一起分享-洛神花/10B,0205090164
Nac標準矽膠奶嘴(圓孔/0-3M)*2,0300000613
DH-活力固得升級版30顆/3B,0202030181
膝HA元氣飲20ml*15支入,0202030180
關立固好禮組(200`S*2+舒逸敏噴,0202030183
利怕蚊天然防蚊潤膚噴液,0307120083
惠香八仙果110g/3B,0205090179
九製陳皮罐80g/3B,0205090178
珍茶柚130g/3B,0205090176
森之浴薰衣草防蚊液(D0050)★,0307120088
數位保險套(混合型)-12入/6B,0303100018
2586奈米竹炭護腕-M,0305230080
黃心梅150g/3B,0205090174
甜梅100g/3B,0205090175
貝親寬口母乳實感奶嘴P01818-S/5,0300000600
貝親寬口母乳實感奶嘴L P015B,0300000602
貝親寬口母乳實感奶嘴P01819-M/5,0300000601
天然植物精油A+防護(蚊)液/95ml,0307120056
【DC】50圓玩具(元圓),0205130040
安撫奶嘴 小花S/6B,0300000631
高分子水溶性幾丁聚醣60粒+30粒3,0202080083
安親活力褲M號10件*8包,0302060104
培寶寬口徑奶嘴L-2+1卡裝/2B,0300000100
安親活力褲L號9件*8包,0302060105
黃鴨標準媽咪乳感奶嘴-十字XL,0300000635
黃鴨標準媽咪乳感奶嘴-圓乳S,0300000634
安撫奶嘴 小花L/6B,0300000633
牛樟芝食品膠囊60`S/盒(無效退,0202080084
安撫奶嘴 小花M/6B,0300000632
黃鴨寬口媽咪乳感奶嘴-圓孔S,0300000638
黃鴨標準媽咪乳感奶嘴-十字L,0300000637
黃鴨標準媽咪乳感奶嘴-十字M,0300000636
【DC】20元一起分享-甘草梅/10B,0205090157
3吋乳缽,0307130386
安撫奶嘴 汽車M/6B,0300000629
20元一起分享-芭樂乾/10B,0205090156
BestVite葡萄糖胺+MSM膠囊1000mg,0202030164
PE輕便雨衣長袖型 / 50入,0307130384
20元一起分享-無花果/10B,0205090158
添寧復健褲L14+2片/4B,0302060114
親親桌椅組(1桌+2椅)FU-12,0205140192
來復易居家用黏貼型成褲L13片/ /,0302060113
來復易黏貼型紙尿褲M16片/包/6B,0302060112
BestVite維他命D3膠囊400IU 250,0202030166
大王超伸縮成人短褲型紙尿褲L~LL,0302060119
杏笙半身安全帶,0304210009
舒耳器(三合一多功能高亮度),0304210008
添寧復健褲M16+2片/4B,0302060117
日本味王-靈樟芝膠囊45`S★,0202080092
千年蟲草膠囊60`S/盒,0202080091
Nac去舌苔矽膠安撫奶嘴(6M+),0300000620
Nac仿乳型安撫奶嘴(6M+),0300000622
Nac仿乳型安撫奶嘴(0-6M),0300000621
HELTHIN面紙盒5入/串/10串/箱/5,0302130018
優質生活蔓越莓60`S,0202080098
檸檬酸鈣60'S,0202030157
檸檬酸鈣60'S,0202030158
任我行葡萄糖胺錠6's*30袋/180'S,0202030155
杏德-台灣鈣美30'S,0202030156
優喜固加強配方60'S,0202030159
日本一番成人復健褲M~L號18片/4,0302060125
鈣骨補力95%(藥字號)100顆/瓶★,0202030150
鈣好韻-珍珠粉鈣口嚼錠180顆★,0202030152
日本一番成人活力褲M~L號16片/4,0302060127
日本一番成人復健褲LL號16片/4B,0302060126
日本一番成人活力褲LL號14片/4B,0302060128
【客訂】包大人經濟型L-XL號綠16,0302060136
健如飛 薑黃軟膠囊(Flexigen) 30,0202030140
【DC】-停BestVite葡萄糖胺膠100,0202030141
勇固力升級配方100`S/300B,0202030143
TKI成人漱口水350cc(1+1)/6B,0306020039
Air waves超涼蜂蜜檸檬無糖口香,0205140139
明璋牛樟芝草本膠囊120顆/12+4B,0202080072
【客訂】包大人經濟型M號白色20,0302060137
敷立舒昆蟲貼片20片/12小盒/大,0307120099
包大人L13(40~55吋),0302060140
樂達富咀嚼錠120`S/6+1B(03.13),0202030131
原味復刻辣橄欖200g,0205090187
原味復刻鹹味黃橄欖200g,0205090188
原味復刻福州開胃橄180g,0205090189
小不叮草本驅蚊貼片18枚(全家,0307120095
小不叮草本防蚊噴霧120ml(全家,0307120094
仙楂片120g/3B,0205090180
李施德霖漱口水(原味)500㏄+原 2,0306020009
無花絲90g/3B,0205090182
香梅果120g/3B,0205090181
蔓越莓400g/3B,0205090184
德恩奈含氟漱口水500ml(1+1),0306020008
延齡堂超大原味葡萄乾170g,0205090186
陳年老橄欖,0205090185
李施德霖漱口水(薄荷)750ml+250m,0306020012
原味復刻洛神花100g,0205090198
原味復刻辣芒果130g,0205090199
金碘漱口水180ML,0306020014
李施德霖漱口水(原味)750ml+250m,0306020010
原味復刻無子黑橄欖150g,0205090190
頂級無蠟無酒精50%蜂膠液30ml(,0202080057
德國百妮魚子水嫩修護面膜3pcs★,0401020198
SENSOREX採血針50支入,0305030067
-幫寶適超薄L54/包/4B,0302030125
網拖-(大)紅./藍.綠/12入,0307130319
大燕麥片1000g/包/12B,0200160142
關股力60'S/3T(為玉米澱粉,0202030116
Enpower愛爾蘭海藻鈣錠30`S/500B,0202030115
OCP艾康血糖機*B(塑膠袋)機器1 .,0305030078
OCP艾康血糖機試紙25入/盒10+1B,0305030075
暐世血糖機特惠組(暐世試紙50+ 5,0305030074
金好奇極緻柔適紙尿褲L30+4/3B,0302030135
浴室馬桶水垢清潔劑★,0308040018
滿意寶寶瞬潔乾爽L50/4B(箱購價1,0302030134
幫寶適-特級棉柔L68(量販包)/3,0302030132
金貝貝棉柔透氣紙尿褲L46+4/4B,0302030139
牙線如意棒TP-50支/罐/120B,0307130328
超級好固300mg*30顆,0202030103
優安敏蔬果麥精750g/12B,0200160137
優品水溶鈣180`S/100B,0202030107
金力強寶貝綜合穀粉(小朋友)450g,0200160136
健股液態葡萄糖胺專利新配方(液,0202030106
幫寶適特級綿柔L46片/4B,0302030140
噓噓樂透氣輕柔-L50/6B,0302030141
柏朗貝優血糖機舊機換新單機,0305030089
蕁麻蔓越莓複方膠囊40顆/瓶,0204000052
Cutie Quilt可愛棉柔紙尿/4B,0302030148
金好奇護膚乾爽紙尿褲PH5.5 L46+,0302030147
福爾巧易測血糖試片(SS-4274)(50,0305030080
妙而舒頂級呵護L63片(量販包),0302030144
幫寶適-超薄乾爽L88片(量販包),0302030146
活潑寶寶紙尿褲L44+2P/5B(箱購 1,0302030145
歐克採血針(滅菌)50支/盒/20B,0305030083
滅鼠王100g,0307020006
必滅鼠,0307020001
蔓越莓私密潔護露250ml,0303060036
力強寶貝姆指型奶嘴5入/70B,0300000193
TS6護一生潔淨慕斯,0303060032
天使之戀瀏海剪髮夾-3色-9727,0407010300
頂級境內紙尿褲L54片/4B,0302030151
新幫寶適輕鬆穿男生L42片/4B,0302030158
滿意寶寶極緻呵護L52片/4B,0302030156
藥聯 富康軟膠囊,0204000045
賽吉兒天天清爽組(日用100ml+加,0303060022
桂格成長麥粉(雞汁吻仔魚)500g/1,0200160113
鈺林-攝聖寶南瓜籽/60粒,0204000031
培寶多功能初生安撫奶嘴/2B,0300000128
培寶多功能較大安撫奶嘴/2B,0300000127
克立測血糖試紙TD-4209(50片)(60,0305030025
幫寶適超薄L50/包/4B,0302030160
舒潔優質抽取式衛生紙100抽*8包/,0302130044
舒潔抽取衛生紙90抽*8包/串/8B,0302130041
OMRON歐姆龍手臂式血壓計JPN1(附,0305020104
新活力紫錐菊草本複方精華膠囊30,0204000036
OMRON軟式壓脈帶(一般型),0305020105
桂格成長麥粉(五種穀類)500g/12,0200160106
桂格成長麥粉(排骨)500g/12B,0200160107
泰爾茂壓脈帶,0305020109
桂格成長麥粉(五種水果)500g/12,0200160100
六甲村束腹帶(未滅菌)/XL,0303120036
Avamys Nasal Spray/27.500 MCG,B0248774FK
得意抽取式100抽10包*6袋,0302130038
得意廚紙60張6捲*8袋,0302130039
培寶多功能雙扁型較大安撫奶嘴/2,0300000139
福爾電子腕式血壓計TD-3018/18B,0305020111
潔易寧40`S/12+1B,0204000028
攝健軟膠囊40顆/盒/12+1B,0204000024
花點子100抽*8入190mm*180mm/9B/,0302130030
廣展/信達採血針30G/100支(10+1,0305030032
膀胱丸200T,0204000025
莎曼魔幻三色眼影盒-5★,0403000081
塑膠指套-大,0304210029
福爾電子臂式血壓計TD-3129/18B,0305020112
莎曼魔幻三色眼影盒-6★,0403000082
黃鴨造型筷盒組,0300210389
謙芳兒童隨身雨衣,0307130339
悠斯晶 A 乳霜 30克/條(0),0402010119
培寶多功能雙扁型初生安撫奶嘴/2,0300000140
蔓越莓1400mg30包入,0204000014
SKY ERA-採血筆,0305030044
樂適康血糖試紙(11+1),0305030048
黃鴨幼童學習筷,0300210393
黃鴨匙筷造型組,0300210391
黃鴨1階段雙色學習湯叉組,0300210399
黃鴨不鏽鋼小湯匙,0300210394
Hi-Beston 50Mg S.C. Tablets/5,A023308100
安倍賜血糖試紙50支AB-5081,0305030055
悠斯晶A乳霜新配方120g/11+1B,0402010103
貝親寬口母實玻璃奶瓶240ml(P173,0300030554
貝親寬口母實玻璃奶瓶160ml(P173,0300030555
霹靂跳跳棒糖-草莓/5B,0205010520
貝親寬口母實玻璃奶瓶240ml(P173,0300030553
Aromase洋甘菊頭皮清爽噴霧100ml,0400000072
貝親寬口母實PPSU奶瓶240ml(P007,0300030558
貝親一般口母乳實感PP奶瓶240ml(,0300030556
霹靂跳跳棒糖-葡萄/5B,0205010521
貝親寬口母實PPSU奶瓶240ml(P007,0300030557
,0302180065
矯正美姿帶S-M★,0305280053
-護麗A髮潔淨洗髮精200m,0400000065
茉娜姿嬰兒植物精華浴膚乳250ml,0406010102
Hollo betty蒟篛果園/5B,0205010526
P08600貝親嬰兒泡沫沐浴乳(日本,0406010100
Seemoli-媽媽髮寶115ml★,0400000068
kitty玻璃奶瓶120mlCAMK7045,0300030544
Hollo betty蒟篛果凍條/5B,0205010533
賽吉兒菁萃潔浴凝露500ml（日型,0402010012
艾瑪絲-去屑止癢洗髮精 -升級版-,0400000083
力奇洗髮精2%/200ML(Ketoconazol,0400000082
海倫薄荷舒爽去屑洗髮乳750ml/6B,0400000074
海倫絲滑柔順去屑洗髮乳750ml/6B,0400000076
20元QQ熊軟糖/10B,0205010501
罐裝小舖-石頭巧克力/5B,0205010502
20元綜合圈/10B,0205010500
湯瑪士-PES葫蘆奶瓶300 CC,0300030535
名牌剪絨印花童巾,0302180047
【DC】面霜盒15g*2入T03,0407010276
穩豪ONE TOUCH血糖試紙50片/盒,0305030014
成長升降書桌E2115,0300200861
腋下拐的零件(橡膠墊),0305190028
名牌量包毛巾/3入,0302180048
罐裝小舖-星星硬糖/5B,0205010507
罐裝小舖-雷根糖/5B,0205010506
罐裝小舖-水果沙拉粒/5B,0205010505
罐裝小舖-草津梅/5B,0205010503
四角-口笛糖40g/12B,0205010511
四角-吉利果30g/12B,0205010512
pc_name,商品編號
四角-米果巧克力/12B,0205010513
杏化潤柔滋霜30gm,0402010039
貝親奶瓶蓋組/5B,0300030522
【DC】414海棉粉撲F24,0407010267
Solaxin Tablets(鋁箔/膠箔)/20,AC058131G0
杏輝愛麗霜乳膏100g,0402010040
培寶寬口徑奶嘴S-2+1卡裝/2B,0300000098
培寶寬口徑奶嘴M-2+1卡裝/2B,0300000099
立得康鉻100香草單罐250ml/24B((,0200190237
Levozine F.C. Tablets 5Mg“St,AC49833100
小天使婦女灌洗器,0303060014
培寶一般口徑奶嘴M-2+1卡裝/2B,0300000093
培寶一般口徑奶嘴S-2+1卡裝/2B,0300000092
+鉻補養素1000g/12B,0200190247
藻康富低GI28g*7+1入(贈隨手杯),0200190245
培寶一般口徑奶嘴L-2+1卡裝/2B,0300000094
醇調養素900g/12B,0200190249
+鉻補養素light蘋果1000g/12B,0200190248
星之冠化妝造型粉撲(圓型15入)★,0407010247
250 雙色璇轉眉筆,0407010231
金力強寶貝綜合穀粉450g/12B,0603020002
效期品-亞培葡勝納利樂包230ml/2,0200190258
優蛋白素高纖高鈣配方700g/12B,0200190251
佳慎營養配方(1)840g/12B,0200190252
佳慎蛋白素(2)840g  12罐/箱,0200190253
桂格完膳營養素均衡強化配方250m,0200190254
葡萄糖胺高鈣全素養生素900g/1,0200190250
手部潔膚凝露-惡作劇之吻 29ML,0404050040
凱蕾洗髮精2% 130ml,0400000001
貝親嘴唇訓練器(杯型)(P13138)/5,0300070025
美滿寶貝CBP南瓜米精450g/12B贈,0603020008
SB051 化妝粉撲(攜帶2入),0407010223
贈品檔-力強活力五穀粉(大人)450,0603020012
桂格完膳營養素/糖尿病 24瓶,0200190260
小安素單瓶,0200190261
Pariet Enteric-Coated Tablets,B022782100
科多洗髮精250ml/24B,0400000010
Nac指套乳牙刷,0300070035
Kitty浴盆K7952,0300070033
香豆子罐300g/3B,0205080091
培寶氣囊按壓式吸鼻器/2B,0300100029
相思果罐380g/3B,0205080090
湯瑪士-彈跳水壺500cc TM54023,0300210414
鱷魚蚊香30卷,0307120009
白雪抗菌去味洗手乳250g,0404050026
指險套6入★,0303100099
杏仁小魚280g/3B,0205080096
無籽葡萄乾420g/3B,0205080094
動態防護款護膝             H-0,0305120342
櫻桃蕃茄380g/3B,0205080093
岡本OK保險套皇冠光滑12入/3B,0303100095
活力豆罐350g/3B,0205080092
動態防護款連指護腕      H-07,0305120340
岡本OK保險套0.0310入/3B,0303100094
Nac快樂洗手泡泡/500ml,0404050020
Nac維他命E洗手乳,0404050021
唯登-WE-8011,T000000496
ACE 大蔓越莓乾100g/100B,0205090218
德恩奈漱口水 24oz750ml辣/6B,0306020072
凡士林450g,0304160011
唯登-WE-8011,T000000495
愛力寶清香噴霧式防蚊液,0307120000
悠斯晶 S 乳液 150 ml  /瓶 (J),0402010085
闖入者防蚊液180cc/8*,0307120003
悠斯晶 S 乳霜 70 克/瓶(J),0402010084
雀巢AL-110無乳糖嬰兒奶粉400g/1,0200100100
貝親調整式吸鼻器(PK308)/5B,0300100017
手部潔膚凝露-夏威夷果汁  29ML,0404050038
美強生優生A+LF無乳糖配方奶粉40,0200100108
新安琪兒安哺嬰兒奶粉900g/罐/12,0200100109
手部潔膚凝露-湛藍海水29ML,0404050036
手部潔膚凝露-清爽柑橘  29ML,0404050037
玫瑰洛神花120g/3B,0205090201
寶馬生兒童專用漱口水(柑橘口味),0306020068
原味復刻梅子鹹葡萄乾160g,0205090200
手部潔膚凝露-純淨皂香29ML,0404050035
酵速素口水180C.C.-檸檬★,0306020066
酵素梅180g/3B,0205090202
牙得安漱口水-殺菌薄荷680ML,0306020060
牙得安漱口水-含氟青蘋果680ML,0306020061
黃鴨吸鼻器,0300100005
沙威隆荼樹精油洗手乳250ml/支,0404050003
優生防逆流吸鼻器/3B,0300100000
森永牛奶糖150g/3B,0205010587
77乳加180g/3B,0205010588
純中性抗菌洗手乳800+200gm/6B,0404050002
惠幼黑棗精華露(紫)360ml/24B,0205080078
渡邊元氣能量發泡/1包,0206100114
惠幼高纖無糖黑棗精華露(黃)360m,0205080079
Q比軟糖活性乳酸菌/12B(限),0205010583
牙得安漱口水-含氟青蘋果380ML,0306020059
漢堡QQ糖150g/3B,0205010586
免洗潔手凝露200ML(美德)/24B,0404050018
3M保濕乾洗手液88ml/3B,0404050017
台大病毒崩100ml噴劑100ppm(藍 ),0404050014
雷根豆罐250g/3B,0205010598
原味黑糖罐380g/3B,0205010596
老薑黑糖罐380g/3B,0205010597
水果糖110g/3B,0205010595
贈品檔-立得康頂纖250ml,0603020058
水蜜桃金笛糖120g/3B,0205010593
贈品檔-立得康高鈣250ml,0603020056
贈品檔-立得康高鈣(香草)250ml,0603020057
10元123果凍/20B,0205010569
黃鴨造型安撫奶嘴姆指型,0300000644
黃鴨防脹氣奶嘴3入 十孔-M,0300000647
透氣手臂吊帶(S/M)★,0305280014
-亞培心美力HQP優質嬰兒12B,0200000125
安全手臂吊帶★,0305280013
雪印強小子new1號嬰兒奶粉/900g/,0200000123
腳拇趾外翻固定帶右-L,0305280018
黃鴨寬口媽咪乳感奶嘴-十字L,0300000641
【客訂】卡洛塔妮(A1)嬰兒奶粉90,0200000122
腳拇趾外翻固定帶左-L,0305280017
腳拇趾外翻固定帶右-M,0305280019
黃鴨寬口媽咪乳感奶嘴-十字M,0300000640
鳳梨酵素-10錠,0200220148
贈品檔-金荷寶初生嬰兒配方奶粉9,0603020064
贈品檔-立得康鉻100 250ml,0603020063
贈品檔-新金荷寶4號兒童營養強化,0603020066
金香衣物香氛袋薰衣草.檸檬 / 12,0307120042
Air waves超涼無糖口香糖/25粒/,0205140094
培寶PP奶瓶(寬口葫蘆L270ml)2入/,0300030590
金香天然驅蚊袋1入/12B,0307120041
培寶天然防蚊噴液120ml/2B,0307120048
石腊紗布10*10cm/10片/盒,0304120010
培寶試管級玻璃奶瓶(一般直筒L24,0300030592
透氣型手托板(左L/XL)★,0305280011
贈品檔-金可貝可較大嬰兒配方奶,0603020069
優生PES奶瓶(一般葫蘆L270ml)2 /,0300030594
茶樹豆點複方純精油/8ml★,0304120014
優生PES奶瓶(寬口葫蘆L270ml)2 /,0300030596
KittyPES標準奶瓶270ml K7056,0300030599
保復膚/10片/盒,0304120015
贈品檔-悅健黑棗米精450g/12B,0603020062
石腊紗布單片,0304120016
杜蕾斯保險套凸點型12入,0303100067
S-26金愛兒樂先進配方900g/6B,0200000139
美滿寶貝新生代嬰兒配方(藍)900g,0200000138
黃鴨去舌苔奶嘴3入＋孔L,0300000659
亞培舒兒優0-12個月嬰兒奶粉850g,0200000135
金荷寶初生嬰兒配方奶粉900g(新,0200000134
【DC】停-新身得壯TOP A+嬰兒奶,0200000137
養生健康米600g/30B,0207020005
養生健康米2.4kg/10B,0207020006
亞培經典嬰兒奶粉850g/ /12b/箱(,0200000136
能恩1號嬰兒配方奶粉800g/6B/箱,0200000131
透氣型手托板(左S/M)★,0305280009
金可貝可初生嬰兒配方奶粉900g(,0200000133
-美強生優生A+育嬰配方(領先方)9,0200000132
贈品檔-優安敏蔬果小米精750g/12,0603020077
贈品檔-DH-活力固得升級版30顆★,0603020076
贈品檔-悅健金配方羊奶900G(效期,0603020075
悅健新生代嬰兒配方奶粉900g/12,0200000140
培寶香茅防蚊乳液100ml/2B,0307120035
養生健康米300g/60B,0207020004
千口美水果果凍300g/24B,0205010570
贈品檔-立得康鉻100香草250ml,0603020078
超薄防水OK繃-小10片25*57,0207020001
培寶PP奶瓶(一般直筒L240ml)2入/,0300030588
贈品檔-百強大豆蛋白粉/盒,0603020071
培寶PP奶瓶(寬口葫蘆S120ml)2入/,0300030589
"遠紅外線繃帶型護腕 13""*3"" S-31",0305120320
仙楂餅150g/3B,0205100044
球型糖果機40g/個/12B,0205100043
身得壯優質嬰兒奶粉900G/12B,0200000149
Aromase去屑止癢養髮精華液115m,0400000085
艾瑪絲-去屑止癢洗髮精升級版350,0400000084
-新明治優質嬰兒奶粉1號900g/8B,0200000143
史奴比晶鑽奶嘴(一般L6入207)/3B,0300000661
S-26金幼兒樂先進配方1600g/6B/,0200000142
S-26金幼兒樂先進配方900g/6B/,0200000141
新安琪兒無乳糖嬰兒奶粉900g/12,0200100110
貝多新生代嬰兒奶粉900g/12B,0200000148
08X拇指固定帶-XL,0305280035
史奴比晶鑽奶嘴(一般M6入191)/3B,0300000660
貝比卡兒金選AA嬰兒奶粉900g/12B,0200000147
7610男用肋骨帶,0305280031
母感標準大玻奶瓶(240ml)/PA270,0300030571
08X拇指固定帶-S,0305280032
08X拇指固定帶-M,0305280033
母乳實感標準小玻奶瓶(120ml)/PA,0300030573
黃鴨雙色抗菌湯匙 2入,0301030075
08X拇指固定帶-L,0305280034
寶馬生成人保健專用漱口水(薄荷,0306020095
亞培心美力優質嬰兒奶粉1號900g,0200000150
菌bye-bye漱口水530ml,0306020094
7600女用肋骨帶,0305280030
歐樂B健康專家防蛀含氟漱口水458,0306020092
-貝親寬口母感PP奶瓶160(P00796-,0300030579
白樂汀酵素漱口水473ml/瓶,0306020099
德恩奈兒童漱口500ml,0306020098
3M三效漱口水500ml(+牙線棒),0306020097
寶馬生保健專用漱口水(蜜桃口味),0306020096
贈品檔-力強杏仁核果粉400g,0603020080
近江曬後凝膠200g/3B,0402040106
優生玻璃寬口徑大奶瓶L200ml(1+1,0300030576
化核梅(黑),0205090234
4*4Y型不織布紗布(不收退),0304120008
10元香草冰淇淋棉花糖40g/24B,0205010558
DC-美強生優生A+ 900克,0200000153
優生A+育嬰奶粉(A+學立方360`)90,0200000152
貝親寬口母乳實感PP奶瓶240ml(P0,0300030562
贈品檔-幫寶適輕穿體驗包L*2,0600000241
貝親寬口母乳實感PP奶瓶240ml(P0,0300030561
腳拇趾外翻固定帶右-S,0305280021
樂活好禮-美白水感防曬噴霧效期,0600000243
鱷魚蚊香60卷,0307120010
4*4紗布塊(3片/24B)(不收退),0304120004
10元草莓棉花糖40g/24B,0205010557
培寶玻璃奶瓶(寬口葫蘆L200)1+1,0300030569
李施德霖天然綠荼防蛀護齦雙效,0306020088
培寶玻璃奶瓶(寬口葫蘆S120)1+1,0300030568
2*2Y型不織布紗布(不收退),0304120006
培寶玻璃奶瓶(一般方型L240)1+1,0300030567
3*3Y型不織布紗布(不收退),0304120007
培寶玻璃奶瓶(一般方型S120)1+1,0300030566
贈品檔-七定酸膠囊10`S(買90顆送,0600000244
八仙果 大瓶/自切,0205090223
皇佳安膚石臘紗布/10片/盒,0304120002
岡本OK保險套0.03RF蘆薈10入/3B,0303100093
奇力軟鈣100`S/12B/12T,0202030054
奇力MSM100`S(鈣)/12B/3T,0202030053
挺立鈣加強錠100'S/10+2B(剪盒,0202030051
資優數學(2)小班C02★,0310010072
欣瑞血糖測試片25片/罐*2入/60+1,0305000020
甲基安非他命檢測卡,0305000025
御極丹蔘60'S/瓶/2B,0202070071
飛力透氣膠帶1吋補充包(12+1),0304030315
活藻素60'S/40+14B/3T,0202070072
"""嬌生""進口嬰兒潤膚油500ml",0304030319
必安住金牌蚊香60卷經濟包,0307010053
伺潔香茅樟腦油精450ml,0307010052
妮維雅止汗清新噴霧150ML,0405000023
培寶紗布澡巾-2入(藍+黃)/2B,0301020002
培寶紗布手帕3入(藍+粉+黃)/2B,0301020003
遠東有機綠藻200mg/900's★,0202070069
鉛筆K20★,0310010062
挑戰迷宮5-6-7歲K19★,0310010061
遠東有機螺旋藻200mg/450's★,0202070068
德國人工皮,0304030305
奇力嚼鈣錠 100`S/300B/12T,0202030073
噴效水性噴霧殺蟲劑600g/240B,0307010021
噴效油性殺蟲劑600g,0307010020
美達適克流橄欖多酚30`S/100B(限,0202070055
快滅鼠大200g,0307010028
百捷益血糖試紙50片/20B,0305000045
超級好抗300mg*60顆,0202070051
福善美保骨錠/瓶,0202030068
美的適購物袋小,0307130280
快滅鼠100g,0307010031
-杏海痛速寧膠囊60粒,0202070042
藍藻錠300`s(延壽)/12B,0202070045
柏朗貝優血糖試紙25片*2/盒/22+3,0305000050
-美滿寶貝嬰兒配方(藍)900g/12B,0200000106
骨力500`S/10+1(效期2015.7),0202030010
德國高科技泡棉11*7.5cm / 672B,0307130294
雅膚吸寶淨傷口墊5*5cm/5片入12,0304100017
雅膚吸寶淨傷口墊10*10cm/3片入,0304100018
必安住液體電蚊香液,0307010007
OMRON手腕式血壓計HEM-6200(陸,0305020083
鈺林兩用型嬰兒吸鼻器,0300100033
鯊翅精60'S,0202070037
【DC】丹參90粒膠囊裝送書(原價2,0202070036
OMRON手腕式血壓計HEM-6111(陸,0305020082
糖果販賣機/10B,0205010387
免叮自動噴霧殺蟲劑550ml/24B★,0307010013
美達適電解質4包入/2000B,0202120009
Aricept F.C. Tablets 5Mg/5.00,AC42556100
-勇固力膜衣錠100`S/500B,0202030001
復速得消炎粉10g/60+15,0304140002
速備粉,0304140007
CSD全新敷料速癒膜 5*5cm 8入/ /,0304100022
CSD全新敷料速癒膜7.5*7.5cm 5 /,0304100023
CSD酒精棉片(厚)100片/盒,0304100020
昭惠酒精棉片100包入,0304100021
沛綠康腕式電子血壓計KP-6261,0305020098
泰爾茂電子血壓計ES-P310,0305020097
沛綠康臂式電子血壓計KP-6823,0305020099
CSD優碘棉片12片入盒/(限),0304100026
CSD全新敷料速癒膜 10*10cm 3入/,0304100024
CSD酒精棉片8片入/盒(限),0304100025
貝親吸鼻液器(PK559)/5B,0300100047
美達適電解質單包(1盒4包售價120,0202120011
桂格高鈣(順暢)奶粉750g/12B,0200180033
維骨力膠囊80Cap(不可退換),0202030020
維骨力500S(不可退換),0202030021
狐無止汗藥膏 20mg,0405000002
賽吉兒菁萃潔浴凝露加強250ml（,0404010018
OMRON手臂式血壓計HEM-7071(陸 ),0305020078
賽吉兒菁萃潔浴凝露日用250ml（,0404010015
暐世血糖試紙(50支),0305000013
CSD中衛酒精棉片100片/盒,0304100004
【DC】妮維雅止汗乾式噴霧(白)15,0405000008
蘇菲彈力貼身衛生棉量少潔翼型16,0302090050
我的美麗日記玻尿酸面膜10入(不,0401020265
ATALANTA羽絲縷修護面膜 1片 /30,0401020268
妙而舒柔點清新乾爽紙尿褲XL/28P,0302040109
黃鴨拇指型安撫奶嘴,0300000069
黃鴨圓型安撫奶嘴,0300000068
美達適鋅寶力1`S,0202130010
黃鴨特級安撫奶嘴,0300000072
大王境外紙尿褲(XL)32片/8B,0302040104
桂格幼兒多力米精/750g/12B,0200150139
蘇菲立體防漏側邊日用潔翼加長 2,0302090040
益兒壯純米精600g/12B,0200150138
敏兒八珍優益菌水解米精700g/12,0200150137
維糖太好60顆/12B,0203090020
我的美麗日記蘆薈面膜102010版(,0401020274
美滿寶貝CBP黑棗水果米精營養補,0200150133
我的美麗日記黑珍珠面膜10片0入2,0401020275
身得壯活力好水解米精700g/12B,0200150131
-壯兒素消化酵素米精7002B,0200150130
我的美麗日記納豆面膜102010版(,0401020271
AVITA腕式血壓計BPM102,0305020053
-幫寶適輕鬆穿女生XL34,0302040111
U-Ca Soft Capsule 0.25Mcg (Ca,AC40864100
-幫寶適輕鬆穿男生XL34,0302040110
黃鴨安撫奶嘴,0300000082
美滿寶貝CBP南瓜米精450g/12B,0200150124
拉提面膜深層美白30g*1入,0401020287
拉提面膜去角質30g*1入,0401020288
金優兒力壯蔬果米精850g/12B,0200150128
中衛酒精棉片,0304100030
ISIS極效全能超導面膜26ml,0401020282
-桂格幼兒多力米精/850g,0200150120
小不叮驅蚊噴霧200ml小黑蚊(全),0307050067
【DC】停-優安敏蔬果小米精750g/,0200150121
【DC】立迅昭惠酒精棉片(厚),0304100031
小不叮驅蚊噴霧25ml小黑蚊(全),0307050063
小不叮驅蚊噴霧120ml小黑蚊(嬰),0307050064
小不叮驅蚊噴霧120ml小黑蚊(全),0307050065
小不叮驅蚊噴霧200ml小黑蚊(嬰),0307050066
驅蚊精油芳香貼(大)★,0307050060
驅蚊精油芳香貼(小)★,0307050061
小不叮驅蚊噴霧25ml小黑蚊(嬰),0307050062
-安素香草237ml/24B/箱 1200元,0200180000
Deary熊貓好朋友眼周膜單片,0401020298
美顏故事奇異果舒緩面膜單片/10,0401020292
美顏故事萊姆冰鎮面膜單片/10入,0401020293
贈品檔-立迅昭惠酒精棉片100入,0304100041
拉提面膜草本植物30g*1入,0401020290
拉提面膜魚子膠原30g*1入,0401020291
美顏故事小黃瓜曬後面膜單片/10,0401020296
桂格敏兒米精(胚芽配方)600g/12,0200150111
Deary山豬好朋友鼻膜單片,0401020297
美顏故事櫻桃美白面膜單片/10入,0401020294
美顏故事蘋果修護面膜單片/10入,0401020295
美達適鋅寶力60`S/300B(限),0202130009
妙而舒頂級呵護紙尿褲(L)48P/4B(,0302030019
Camine Cap.250Mg,A041883100
3M不沾粘吸收棉墊2*2*5片/4B,0304010035
紅麴(紅麴200.納豆170.Q10-20)6T,0202090100
3M不沾粘吸收棉墊3*3*3片/4B,0304010036
3M不沾粘吸收棉墊4*4*2片/4B,0304010037
CSD滅菌紗布塊2*2(10片/包)/50B,0304010038
CSD滅菌紗布塊3*3(10片/包)/50B,0304010039
康貝特(小)100ml/8入/48B,0206010006
蠻牛160ml/24B,0206010003
靠得住蘆薈透氣超薄護墊標準型,0302090016
身體幻想清新白麝香香體乳 207ML,0402010233
身體幻想暮光之城香體乳 207ML,0402010232
幫寶適-超薄乾爽XL76片(量販包),0302040141
活潑寶寶紙尿褲XL38+2P/5B(箱購,0302040140
靠得住蘆薈透氣超薄護墊加長型,0302090017
金好奇護膚乾爽紙尿褲PH5.5 XL40,0302040142
讚納豆專利新配方(液態軟膠囊狀/,0202090108
頂級境內紙尿褲XL42片/4B,0302040147
-倍佳高單位魚油脂(EPA360.DHA24,0202090103
滿意寶寶兒童晚安褲女22P/3B,0302040149
滿意寶寶兒童晚安褲男22P/3B,0302040148
6吋膚色彈繃/12個入(限),0304010022
6號網狀繃帶(40包入),0304010023
小淘氣快樂天使紙尿褲L42片/6B/6,0302030071
康貝特200P(大)200ml/24B,0206010010
2號網繃,0304010020
3M舒適繃(5大片)無菌包/3B,0304010021
OB衛生棉條(迷你型)16條裝(不可,0302090000
優護體衛生護墊30片/包/50B,0302090003
佳貝恩電動潔鼻機YH-696/30B,0305170016
OB衛生棉條(普通型)16條裝(不可,0302090002
-佳貝恩電動潔鼻機YH-67瓶),0305170015
優護體衛生棉（日用）20片/包/30,0302090005
杏仁酸植萃身體乳500ml★,0402010224
靠得住(5)超薄產墊20P/3B/箱,0302090006
新幫寶適輕鬆穿男生XL34片/6B,0302040151
幫寶適超薄XL42/4B,0302040153
普萊爾大豆卵磷脂120`S/100B,0202090113
10㎝柔舒膠布,0304010017
Pentasa Suppositories  1Gm/1.,B022737500
儷卡爾小黃瓜蘆薈面膜/30B(買10,0401020244
3*3不織布紗布塊(5片/24B)(不收,0304010010
Deary乳油木果極潤身體乳150ml,0402010213
蘇菲動感記型日用超薄潔翼加長 1,0302090039
安利糖肉桂萃取複方60'S★,0203090017
Deary雪絨草白麝香香氛潤膚乳150,0402010214
日本味王-糖之秘90`S★,0203090015
旅行家安眠眼罩2入-566,0307130234
-幫寶適超薄XL46/包/4B,0302040124
5號網繃40包入,0304010006
美吾髮檀香精油沐浴精850ml,0404010098
一疋紗布,0304010007
3號網繃(腳踝用),0304010004
4號網繃(膝蓋用)40包入,0304010005
優生第三代初生安撫奶嘴2入裝/3,0300000015
"Grumed Tablets 2Mg ""Standard""",AC46640100
妙而舒頂級呵護XL51片(量販包),0302040139
儷卡爾美麗在現 熊果素  膠原蛋,0401020250
優生第三代安撫奶嘴0-6個月用/3,0300000011
儷卡爾天然海藻清酒粕面膜(買10,0401020257
蘇菲立體防漏側邊日用基本超薄 2,0302090023
優生第三代較大安撫奶嘴2入裝/3B,0300000016
滿意寶寶瞬潔乾爽XL42/4B(箱購 1,0302040130
艾迪美乳霜10g/3B,0402010206
艾迪美乳霜60g/3B,0402010205
艾迪美乳霜120g /3B,0402010204
悠斯晶愛止癢乳霜65g/12B,0402010203
噓噓樂透氣輕柔-XL44/6B,0302040137
幫寶適-特級棉柔XL54(量販包)/,0302040136
幫寶適特級棉柔XL36片/6B(箱購 2,0302040135
金貝貝棉柔透氣紙尿褲XL40+4/4B,0302040134
金好奇極緻柔適紙尿褲XL24+3/6B,0302040131
2*2不織布紗布塊(10片/24B)(不,0304010008
桂格天地合補含鐵玫瑰四物飲6瓶,0206100076
我的美麗日記絲瓜面膜102010版(,0401020317
佳寶高拉力牙棒（50支）,0306010014
Deary雪絨草玻尿酸保水面膜5入★,0401020319
小淘氣快樂天使紙尿褲XL36片/6包,0302040071
IS珍珠美白淡斑面膜(單片)/300B,0401020310
IS蘆薈舒緩修護面膜(單片)/300B,0401020311
IS深層淨化調理面膜(單片)/300B,0401020312
培寶浴床/2B,0300200984
BN肌因燕窩羽絲絨面膜(7片/盒)/3,0401020313
BN360°全效拉提面膜(7片/盒)/40,0401020314
我的美麗日記薏仁面膜102010版(,0401020315
超薄產墊,0303010002
快癒絆2*6cm*4pcs(小)/80B,0304040076
威尼斯大型急救繃3*7.2cm 15片/3,0304040079
IS美白保濕面膜(單片)/300B★,0401020309
IS全方位膠原面膜(單片)/300B★,0401020308
青蔬脆100g/12B,0205080100
孕適知驗孕筆/40B(限),0303040022
KD璀燦金眼膜5對入/36B★,0401020307
KD甘草薏仁水嫩煥白面膜(單片)/3,0401020306
鮮果脆100g/12B,0205080101
歐風驗孕筆1入/30B/5T,0303040026
斯儂恩凡士林120g-蘆薈,0402010159
玻尿酸保濕面膜6片★,0401020300
KD傳明酸全效淨白面膜(單片)/320,0401020304
KD胎盤素青春活膚面膜(單片)/320,0401020305
KD玻尿酸高效保濕面膜單片/320B,0401020302
KD晶鑽白金極緻光燦面膜(單片)/3,0401020303
深海魚油1000.60's/5B,0202090140
黃鴨安全奶嘴鍊,0300010007
黃鴨造型奶嘴鍊,0300010008
黃鴨圓型奶嘴鍊,0300010009
DHA濃縮深海魚油60's/5B,0202090142
-母乳實感標準中玻璃奶A271),0030000002
有機添加歐露兒草本瞬效洗髮精露,0404020316
有機添加歐露兒櫻花4.9洗髮精露2,0404020317
【DC】ADD+喀什米爾羊玫瑰美白潤,0402010121
BestVite紅花籽油膠囊1000mg90'S,0202090135
有機添加歐露兒頭皮活氧洗髮精露,0404020318
有機添加歐露兒頭皮活氧潔淨凝露,0404020319
-美達適明晶膠囊60顆(  樂A明)/,0202110026
寶立清海豹油軟膠囊210`S,0202090137
青可舒30`S/12+1B,0202110028
Macutein chewable 5mg幼添明咀,0202110022
森田藥粧完美淨白原液面膜10入,0401020335
森田藥粧複合膠原黑面膜7入,0401020336
kitty安撫奶嘴鍊CAMH724,0300010035
斯斯保肝膠囊150`s,0203060017
黃鴨手套,0301060141
-培寶奶嘴鍊/2B,0300010032
杏德-高佳樂魚油30'S,0202090132
杏德-杏銀60'S,0202090131
美聯 泰美膠囊,0204030001
森田藥粧無暇煥白保濕面膜10入,0401020330
虹吸2血糖檢測試片,0305030112
銀杏寧60'S,0202090130
施巴抗乾敏保濕乳液400ml(限),0402010132
飛力 速利測 促銷包,0305030107
愛力寶OK繃6*2cm20p/36B,0304040056
活泉-健循納麴Q10膠囊 60顆/12B,0202090128
菲奧納驗孕試紙檢驗試劑,0303040041
普萊爾晶明元素60`S/50B,0202110017
愛力寶OK繃6*4cm 10p/36B,0304040055
萌髮566洗髮精(清爽控屑)綠400g,0404020308
嘉齡蘆薈精華露128g/22+2B,0402010137
菲奧納驗孕卡檢驗試劑,0303040042
菲奧納驗孕筆檢驗試劑,0303040043
森田藥粧活氧超水感保濕面膜8,0401020329
森田藥粧薏仁甘草淨白露面膜10,0401020328
森田藥粧茶樹毛孔淨化調理面膜,0401020327
毛孔深層清潔泥100ml,0401020324
Deary甘菊熊果素美白面膜5入★,0401020322
Deary玫瑰Q10潤白面膜5入★,0401020323
遠紅外線護膝 S-04 L(J),0305120298
遠紅外線護膝 S-04 M(J),0305120297
Deary蘆薈極潤補水面膜5入★,0401020320
Deary紅石榴逆齡煥白面膜5入★,0401020321
傑昇壓路基草本複方膠囊 120'S(,0202090120
優生兔嬰兒手套(藍/粉)/2B,0301060128
優生兔嬰兒腳套(藍/粉)/2B,0301060129
菲力家族棉花棒細軸F002 200支*2,0306010050
菲力家族高拉力牙線棒F400 /3B,0306010051
優生棉羊紗布布花手套(藍)(粉)/2,0301060123
奇力MACA 1`S,0204050051
US抗菌水果印花嬰兒護腳套-藍. /,0301060126
康寶高拉力牙線棒/30入/包,0306010049
培寶一級棒齒間刷SSS/2B,0306010048
-幫寶適輕鬆穿女生L42片,0302030109
培寶一級棒齒間刷S/2B,0306010047
茉娜姿全效肌膚修護膏50ml,0402010199
妙而舒柔點清新乾爽紙尿褲L/36P/,0302030107
黃鴨紗布方格印花手套,0301060139
120入凌牙利齒止滑牙線棒,0306010041
斯儂恩凡士林-玫瑰120g,0402010194
斯儂恩凡士林-薰衣草120g,0402010193
BestVite紅花籽油膠囊1000mg120',0202090186
大王境外紙尿褲(L)38片/8B,0302030101
黃鴨腳套,0301060137
喜羊羊寶寶護膝(藍.粉）/3B,0301060136
奈米竹炭調整型連指護腕 O-201 F,0305120278
培寶抗菌透氣手套-藍-粉/2B,0301060135
培寶鯨魚紗布手套-藍-粉/2B,0301060134
成長密碼-女用營養素30g*16包/盒,0204050040
3M克淋濕防水透氣繃2.6*5.7cm  1,0304040000
-帕瑪氏-可可脂Q10緊緻ml,0402010161
奈米竹炭護腳踝 O-03 L(J),0305120260
杏利QH活芯膠囊60顆,0202090178
奈米竹炭護肘 O-04 S(J),0305120262
【DC】得力絆防水超薄19mm*72mm,0304040005
冠聖 優必循-Q,0202090172
【DC】得力絆伸縮透氣布19mm*72m,0304040006
奈米竹炭護肘 O-04 M(J),0305120263
牙得安潔牙線--薄荷/50碼/捲/盒,0306010064
妮維雅嫩白乳液400ml/2B,0402010179
愛力寶長效型退熱貼片6片/24B,0304040014
牙得安潔牙線--含氟/50碼/捲/盒,0306010063
牙得安牙間刷7字型-2S/15支/排/,0306010062
MOOI黃金貂油滋潤身體乳300ml★,0402010170
快癒絆彈性伸縮絆帶2*6cm/22片入,0304040019
藥聯CoQ10膠囊60's,0202090160
玻璃亮光清潔劑(噴槍)600g,0308050004
奈米竹炭開洞護膝(加側條) O-02L,0305120256
玻璃亮光抗污清潔劑500cc★,0308050007
竹炭提花護腕XL★,0305230026
全扣式加強型護腕S★,0305230027
繃帶型-護腕(黑) T-61,0305230021
竹炭提花護腕M★,0305230024
竹炭提花護腕S★,0305230023
小不叮小黑蚊驅蚊手環幼兒,0307120108
小不叮-小黑蚊貼片-全家,0307120107
小不叮小黑蚊貼片嬰幼兒12枚,0307120106
寶貝安心100%純天然檸檬香茅防,0307120104
【須客訂】荷補益(更年益Tofipan,0204050016
培寶奶瓶蔬果清潔劑-900ml補充 /,0300150018
刷樂扁線牙線棒400支 S400F/3B,0306010095
Kitty造型驅蚊貼片CAMK7850,0307120103
黃色小鴨吸管清潔刷2入/組,0300150016
新-力美肝軟膠囊100`S,0203060073
【P】奇力MACA 50S/12B,0204050019
新幹線造型驅蚊貼片CAMS855,0307120101
美圭兒 600'S,0200220246
麗肝能軟膠囊 60's/盒,0203060079
暐程維他命c15粒(綜合)10b,0205010466
暐程維他命c15粒(柳橙)10b,0205010463
力寶福錠10`S/排,0203060074
暐程維他命c15粒(草莓)10b,0205010464
迪士尼抗菌牙線棒袋裝-維尼50支/,0306010098
暐程維他命c15粒(葡萄)10b,0205010465
879長型手腕固定夾左-L,0305230039
黃鴨矽膠雙色安全湯匙,0300200000
全扣式竹炭護腕綁帶★,0305230032
展開式透氣護腕★,0305230031
美達適四合一電子耳溫槍,0305140061
美康膜衣錠60's/瓶/100B,0204050008
Nac奶瓶蔬果洗潔精/補充包600ml,0300150028
Nac奶瓶蔬果洗潔精/700ml,0300150029
,0300030483
優生棉羊紗布手帕3入(藍)(粉)/2,0301020096
-優生PES奶瓶一般口徑27,0300030480
培寶奶瓶清潔劑-木瓜酵素-1000ml,0300150023
優生棉羊紗布澡巾2入(藍)(粉)/2,0301020097
培寶奶瓶清潔劑-木瓜酵素-補充 9,0300150024
優生素色紗布手帕 - 3入/2B,0301020099
德國百靈耳溫槍IRT-4020,0305140069
貝爾妮妮奶瓶蔬果清潔劑補充包80,0300150021
美達適彩色人生100粒裝(限),0203060067
美達適彩色人生10顆/1000B,0203060066
解毒丸200T,0203060065
咪寶迷你耳溫槍EM30CPLB(藍_透,0305140065
咪寶迷你耳溫槍EM30CPLR(紅_透,0305140064
【DC】四盒幸運草分裝盒A51,0407050029
熊掌防蚊液-6H微涼型100ml,0307120120
熊掌防蚊液-12H強效型60ml,0307120121
黃鴨紅外線耳(額)溫槍,0305140071
水槍(附糖果)12*12盒入,0205010481
別蚊我驅蚊貼片(嬰幼)15入★/5+1,0307120125
普大  百優膠囊 1+1,0203060094
培寶耳額兩用紅外線耳溫槍/12+3B,0305140075
醒酵素30ml*15支★,0203060099
蘋果醋60'S,0203100105
日華護腕M★,0305230010
七定酸膠囊10`S★,0203100109
媽媽手(奎緬氏症)矯正護套(左)★,0305230014
七定酸膠囊90`S★,0203100108
【客訂】鴻仲大豆異黃酮萃取複方,0204050025
【DC】停-活力潮素60'S,0204050023
維特斯30`S/4B★(巧克力囊腫),0204050022
歐石百靈30'S/12+1B★,0203060080
日本拖車5入*10盒,0205010490
桂格天地合補玫瑰四物飲60ml*6 /,0206100020
E0174 Bite Blocker蟲蟲別,0307120112
歐石百坦30'S/12+1B★,0203060081
傳鑫 德利肝,0203060088
小鴨原子筆,0310010121
田上 力美肝-德國(300粒/bot),0203060089
Foxone Ophthalmic Suspension,A045145421
貝親學習湯匙(P18063)/5B,0300200058
培寶鴨嘴練習杯/2B,0300200059
4288腕部固定套-M軟支撐,0305230065
優生可調式奶嘴鍊(區)/3B,0300010058
水涵鈣膠囊60`S/12B★,0202030091
【DC】尊盟高濃縮液態葡萄糖胺 1,0202030090
培寶可調式奶嘴鏈,0300010057
百靈耳溫槍耳套2入/3B,0305140018
三多葉黃素90`S(軟膠囊),0202110042
奇力真珠草軟膠囊(原肝精)60`s/1,0203060035
咪寶耳溫槍套20個入EM-1020(J),0305140014
培寶彈跳吸管練習杯/2B,0300200060
垃利肝膠囊60'S/100B,0203060031
晶彩30葉黃素複方5g*20包/盒/12+,0202110044
優生矽晶寬口徑奶瓶大-L-230cc/3,0300030455
輕鬆走棉洗棉褲5件/男XL/3B,0301080338
唯登-SP-6640,T000000396
嬌生嬰兒潤膚油300ml/24B,0406040034
黃鴨彈跳練習杯 250cc,0300200047
賀強奶嘴鋉/條,0300010042
kitty造型安撫奶嘴鍊CAMK723,0300010045
Kitty造型安撫奶嘴鍊盒CAMK7231,0300010046
水涵鈣水劑750ml/12B★,0202030092
黃鴨麥粥碗+匙 GW,0300200051
【DC】尊盟全素高濃縮葡萄糖胺 1,0202030094
藥聯蚊不叮防蚊乳液,0307010082
熊掌超人驅蚊貼片12枚(肉桂),0307120133
美達適明晶膠囊10粒/盒/1000B(限,0202110038
美達適明晶膠囊60粒/盒/300B(限),0202110039
熊掌超人驅蚊貼片12枚(香茅),0307120132
柔蝶蘆薈E嬰兒潤膚油600ml/24B,0406040019
康瑪士醫療用貼布(未滅菌),0304030326
3M宜拉膠帶白色1吋/3B,0304030329
第二代PLUS葉黃素,0202110070
878長型手腕固定右-L,0305230045
878長型手腕固定右-XL,0305230046
孕適知驗孕卡/40B(限),0303040017
黃鴨二段式造型便器,0300200037
-培寶寬口徑PES奶瓶L-27,0300030476
速知孕(舒妃)快速驗孕/200B,0303040014
威尼斯綜合急救繃(小20片中20片,0304040081
黃鴨造型雙層沐浴海棉,0300200041
Nac奶蔬洗潔精(1罐+1包),0300150030
,0300030474
菌bye-bye薄荷消毒除臭噴劑250m,0307010071
樂威壯20mg 單顆(4`s盒售價1000,0303110016
872-L遠紅短型右腕固定護套,0305230052
872-XL遠紅短型右腕固定護套,0305230053
872-M遠紅短型右腕固定護套,0305230051
873-L遠紅短型左腕固定護套,0305230056
873-XL遠紅短型左腕固定護套,0305230057
873-S遠紅短型左腕固定護套,0305230054
H&B電子體溫計-藍,0308070000
873-M遠紅短型左腕固定護套,0305230055
3M克淋濕防水透氣繃圓貼/15片/3,0304040093
H&B隨身護理包(小)白色,0304040092
綠川黃金蜆錠100錠(健)單盒★2+1,0203060044
夜安寧廣效水蒸煙霧式殺蟲劑(FA,0307010064
晶采60's/5B,0202110057
隱形馬甲拉提霜200ml*2★,0402060067
鼻舒樂呼吸輔助貼8片(薄荷）/12,0304040095
優生試管級玻璃大奶瓶240ml(L) /,0300030465
鼻舒樂呼吸輔助貼10片(一般）/12,0304040094
孕味俏媽咪小肚肚緊緻乳150ml,0402060066
統欣生技液態葉黃素30粒★,0202110051
美麗適933勻體精華乳150 ml /,0402060065
歐風驗孕卡1入/100B/5T,0303040000
甘草橄欖-600g/3B,0205090128
倍健軟膠囊100顆/盒裝(限),0203060048
山桑子+黑醋栗+枸杞3g*3/3B,0202110053
綠川黃金蜆錠10錠,0203060045
嬌生嬰兒油清爽配方125ml,0406040000
藥聯 遠立明E0.1+0.1 90粒/排軟,0202110059
保爾多福醫療用貼布透明防水(6種,0304040097
好貼繃1.9*7.2cm 10入(不拆零)/1,0304040096
倍健軟膠囊30顆/盒裝(限),0203060040
舒摩兒陰道灌洗液清新133ml-2入(,0404080048
-舒摩兒陰道灌洗液醋酸133ml-2入,0404080049
Calomide S.C. Tablets 250Ug(,NC165451G0
桂格大燕麥片(雙效認證)700g/12,0200120101
舒摩兒護理噴劑-加護型2oz,0404080043
V.D.S洗得妳淨-優潔膚液250ml,0404080042
鈺林私密的優-私密清潔沐浴露400,0404080056
舒摩兒SP私密緊實嫩白露5oz,0404080050
博智女性私密肌膚清潔露-懷孕加,0404080066
博智女性私密肌膚清潔露-日常護,0404080067
立朵舒私密潔浴露淨白柔滑250ml/,0404080068
626可推式機車椅(黃素色)YC-9650,0205150008
858 全罩式手推車 YC-28506,0205150003
SK-201 汽車安全座椅 YC-616007,0205150004
婦潔私密沐浴露140ml(少女型),0404080065
-私密沐浴露(生理舒淨)150ml+限,0404080061
婦潔液 陰部專用治療液350ml?※,0404080077
年度經典熱銷組(日用凝露100ml+,0404080076
舒摩兒浴潔露(加強型)8oz,0404080072
舒摩兒EVE舒粉198G,0404080071
賽吉兒菁萃潔浴凝露加強型100ml,0404080070
【DC】金力強嬰兒羊奶粉(0-12月),0200040011
290元老花眼鏡★,0305160236
新鮮視洗眼液250ml/6B,0305160128
3M退熱貼片(兒童)6枚,0305160234
諾磷質60tabs/24B,0201010005
除螞蟻膏,0307030003
美吾髮快速護髮染髮霜自然褐6,0400020229
培寶涼性爽身粉300g,0406060013
日華無痕襪(長)(灰.黑.白)★,0301050073
人生維他命B2/100`S/3B,0201010000
V.D.S洗得妳潔淨膚液10ml*5包入,0404080003
培寶嬰兒爽身粉300g,0406060012
V.D.S洗得妳潔淨膚液500ml,0404080002
V.D.S洗得妳淨灌洗器,0404080005
嬌生爽身粉400ml/12B,0406060018
愛肝口服液/60B,0206010100
嬌娃涼性爽身粉,0406060016
V.D.S洗得妳淨潔膚淨噴霧組(10ml,0404080006
開心達可鴨浴袍巾,0301020114
HN-953A 方向盤音樂汽座〈豪華,0205150020
培寶鯨魚紗布大浴巾-藍-粉/2B,0301020110
美吾髮快速護髮染髮霜(自然栗)4,0400020230
美吾髮快速護髮染髮霜(自然黑褐),0400020232
美吾髮快速護髮染髮霜(深栗)#5,0400020231
可攜式電動吸乳器/P16670,0300120023
麗絲玩色持久染霜-葡萄紅★,0400020238
婦潔液120ml,0404080014
吉爾小子漢氏爽生粉200g,0406060002
麗絲玩色持久染霜-淺亞麻棕★,0400020239
【DC】俏比安全別針,0300190001
黃鴨造型安全別針 5入,0300190002
人性化加強型護腰S-16 XL號,0305120500
優生綿羊印花紗布大浴巾-藍/粉/2,0301020101
Kitty印花紗布手帕(3入)K7426,0301020102
貝親簡易別針(9入)(PK882)/5B,0300190005
柔布帕-.藍粉色,0301020105
S-19 雙管加寬分段彈搖椅YC-9130,0205150013
新鮮視立潔洗眼液250ml/12B※,0305160241
小兒利撒兒貼退燒8入/10+1B,0305160219
新鮮視洗眼液500ml/瓶/3B※,0305160217
O-0902 M 奈米竹炭調整型手拖板,T000000611
輕鬆走棉洗褲產婦(XL)/3B,0301080003
O-0902 L  奈米竹炭調整型手拖板,T000000612
矽膠單側條護膝T-39,0305120512
拇趾外反護具材質2枚入 / 盒,0305120511
安全別針6入/組,0300190013
培寶寶寶護膝    藍.粉.黃/2B,0301050094
艾羅馬洋甘菊鎖色修護洗髮精350m,0400040014
九陽-韭菜籽複方草本膠囊3,0204040113
,0204040111
輕鬆走棉洗褲女(L)/3B,0301080004
黃鴨Baby洗臉巾,0301020132
【DC】仙姿BIO-MAX /1000粒/,0202100032
輕鬆走棉洗褲女(M)/3B,0301080005
黃鴨印花紗布手帕3入,0301020131
S-040 電話助步車 YC-96302,0205150038
愛樂恩3In1噴霧器鼻腔清潔多功,0305160224
仁山利舒洗髮精2%(黃)100ml,0400010005
Sluxdin Film Coated Tablets 5,AC45847100
法瑪莉佳清涼潔膚液250ml,0404080035
【DC】喜多涼性爽身粉(玉米配方,0406060024
V.D.S洗得妳淨-優 潔膚液500ml,0404080034
培寶直版止滑童襪   (9-11公分),0301050084
立朵舒私密潔浴露溫和親膚配方25,0404080031
加強型纖薄腰痛保護帶(黑)L 8115,0305120526
加強型纖薄腰痛保護帶(黑)XL 811,0305120527
黃鴨紗布澡巾2入,0301020121
LACOYA竹炭彈性褲襪黑XL,0303120271
LACOYA竹炭彈性褲襪黑L,0303120270
愛能視彩軟隱形眼鏡月拋蝶衣金★,0305160272
愛能視彩軟隱形眼鏡月拋蝶衣棕★,0305160273
愛能視彩軟隱形眼鏡月拋蝶衣灰★,0305160274
愛能視彩軟隱形眼鏡月拋蝶衣藍★,0305160275
LACOYA竹炭彈性褲襪膚L,0303120273
愛能視彩軟隱形眼鏡月拋蝶衣黑★,0305160276
鈺林男的寶膠囊100`S,0204040131
鈺林男的寶膠囊1`S,0204040132
培寶草本爽身粉100g,0406060051
BestVite MACA瑪卡膠囊525MG 120,0204040134
培寶草本爽身粉補充包150g,0406060052
靠得住純白体驗Super超吸洞日薄2,0302090156
Nac真珠酵素爽身粉/150g,0406060054
Nac真珠酵素爽身粉餅/30g,0406060056
高根精華複方膠囊單顆(6'S/盒售1,0204040138
歐樂B 50M牙線薄荷微蠟*2入,0306010109
好自在瞬潔乾爽絲薄蝶翼夜用32cm,0302090154
舒適達人漢方草本衛生棉輕巧日用,0302090155
BestVite左旋精胺酸錠1000MG 60',0204040139
Nac真珠酵素爽身粉補充包/,0406060055
Nac植物酵素爽身粉補充包/150g,0406060058
Nac植物酵素爽身粉/90g,0406060057
好自在瞬潔乾爽絲薄蝶翼夜用28cm,0302090153
好自在PINKCESS棉柔清涼絲薄護,0302090150
好自在瞬潔乾爽絲薄蝶翼日用24cm,0302090151
美源 花果香6,0400020269
刷樂含氟潔牙線50M*3入 S55-2B/3,0306010108
舒妃七萃亮澤染霜6/3摩卡橙50ml,0400020260
舒妃七萃亮澤染霜7/7亞麻棕棕50m,0400020261
日本JACKS超極細齒間刷10入(SSSS,0306010115
日本JACKS齒間刷10入-4號(M),0306010113
日本JACKS齒間刷10入-3號(S),0306010112
日本JACKS齒間刷10入-2號(SS),0306010111
日本JACKS齒間刷10入-1號(SSS,0306010110
洗眼液特惠價,0305160280
【DC】停-藍鋼蟲草元素單顆/10'S,0204040129
貝親爽身粉(罐裝)(PH060)/5B,0406060047
優麗潔小天使235mm日用衛生棉12,0302090142
京都枇杷膏386g(大)/12B,0203000041
京都枇杷膏(隨身包),0203000042
舒適達人漢方草本衛生棉輕巧日,0302090144
上虹細牙籤1.6mm,0306010118
京都念慈菴枇杷糖潤喉糖(原味)60,0203000043
3M細滑牙線棒散裝36支/包,0306010119
貝爾妮妮草本爽身粉200g/6+1B,0406060049
蘇菲肌的呼吸超薄細緻棉柔日用16,0302090140
上虹水果籤(45入),0306010117
舒酸錠牙齦護理配方牙膏(紅)160g,0306040143
因特力淨兒童酵素牙膏(葡萄)40g/,0306040145
寶王快染髮霜7,0400020274
寶貝熊寶寶專用超柔紙巾/36B/箱,0302080066
潤視洗眼液10ml*16支,0305160252
培寶母乳冷凍袋150ml/20 入/2B,0303120252
兒?寶退熱貼/6片**,0305160253
高露潔兒童牙膏-香香水果 40g,0306040135
因特力淨兒童酵素牙膏(草莓優格),0306040136
-奈米銀母乳冷凍袋100ml*30入,0303120250
【DC】停-Colgate牙膏200g/1000B,0306040139
昕泰賜康海狗寶丸,0204040157
(正福興)源力79膠囊,0204040156
靠得住純白体驗淨味紫羅蘭日用,0302090136
培寶舒適型束腹帶S-M/條/2B,0303120259
"Gastine Granules 20Mg/Gm ""Pur",AC44500109
培寶蝶型3D立體母乳墊52片-促/2,0303120257
"Cloflow F.C. Tablets 75Mg ""St",AC48649100
口味兒18g,0203000035
汎生治喉痛-25ml/12B,0203000030
高露潔全效專業抗敏感牙膏150g,0306040133
高露潔全效清淨薄荷牙膏150g,0306040132
【P】口味兒6g,0203000036
麗絲玩色退色漂粉40g★,0400020242
R&R凝膠圓座45*45,0305160258
舒立效蜂蜜檸檬喉錠24`S/24B,0203000037
傳佳知寶茶壺型辨溫母乳冷凍袋,0303120262
彩軟隱形眼鏡月拋蝶衣金單片裝★,0305160265
牙醫選夜用牙膏-敏感配方100g/24,0306040125
彩軟隱形眼鏡月拋蝶衣棕單片裝★,0305160266
彩拋軟性隱形眼鏡初戀棕10片裝★,0305160263
LACOYA竹炭彈性中統襪L黑,0303120264
彩拋軟性隱形眼鏡初戀灰10片裝★,0305160264
雙週拋棄式軟性隱形眼鏡(6片裝),0305160261
巴西蜂膠牙膏120g/100B,0306040128
彩拋軟性隱形眼鏡初戀黑10片裝★,0305160262
培寶舒適型束腹帶L-XL/條/2B,0303120260
日拋棄式軟性隱形眼鏡20片裝★,0305160260
蘇菲極緻柔感夜用超薄潔翼型28cm,0302090123
蘇菲彈力貼身日用超薄潔翼加長 1,0302090126
銀鶴漢式爽身粉150g/1000+200B,0406060062
溫柔宣言草本抑菌棉(日用超薄)15,0302090128
LACOYA竹炭彈性塑腿襪套L黑,0303120268
LACOYA竹炭彈性塑腿襪套M黑,0303120267
仙楂丸100包入/買10送1(不拆零)/,0203000021
舒妃七萃亮澤染霜5/4黑醋栗50ml,0400020257
舒妃七萃亮澤染霜5/6葡萄酒紅50m,0400020258
化核梅無子1斤/3B,0203000023
舒妃七萃亮澤染霜5/7焦糖亞麻棕5,0400020259
羅漢果枇杷露400g,0203000020
蘇菲極緻柔感日用超薄潔翼型48 /,0302090122
舒妃七萃亮澤染霜5/3栗子棕100ml,0400020250
培寶90抽護膚柔溼巾(補充包3+1)/,0302080046
高露潔抗敏專家牙膏110g-美白,0306040121
舒妃七萃亮澤染霜5/7焦糖亞麻棕1,0400020253
舒妃七萃亮澤染霜6/3摩卡橙100ml,0400020254
舒妃七萃亮澤染霜5/4黑醋栗100ml,0400020251
牙周適牙齦護理牙膏100g/12B,0306040116
因特力淨新一代兒童酵素牙40g★,0306040115
因特力淨新一代酵素牙膏40g★,0306040114
因特力淨新一代酵素牙膏125g★,0306040113
【DC】停-天然蜂膠牙膏120g,0306040110
【DC】停-立迅  多倍乳膠檢診手,0307000107
旅行家六格藥盒,0305160191
暈車穴道貼布2組入/2B,0305160190
善存人蔘加強錠100'S/10+2B,0202050033
狠角色(10粒入)★,0202050038
紅葡萄葉草本複方膠囊80顆/12+1B,0202050037
培寶母乳冷凍袋200ml/50入/2B,0303120249
因特力淨酵素牙膏7g3入★,0306040109
昕泰賜康海狗寶丸80粒,0204040161
樂固特強化牙膏75ml/12B,0306040105
Galvus Tablets 50Mg/50.000 MG,B025306100
朴蜜兒-母乳冷凍袋100ml/30入,0303120213
卡固絆創貼布(機能)(紅)(防水)OK,0304040111
新鮮視可立護液態防水OK?11ml/ /,0304040112
3M克淋濕防水透氣繃(紋身)汽車10,0304040114
【DC】停-化成退熱貼(10小時)/6,0305160187
卡固絆創貼布(柔軟)(綠)OK繃(不,0304040110
【DC】停-滿意寶寶瞬潔乾爽NB72/,0302000040
科云抗創口貼彈性型1.8cm*6.4cm5,0304040116
3M舒適繃卡通(草莓甜心)14片,0304040115
妙而舒頂級呵護紙尿褲(NB)42P/4B,0302000046
科云抗創口貼防水型4cm*6.5cm 3,0304040117
滿意寶寶極緻呵護新生兒36片/8B,0302000048
滿意寶寶溫和純水濕紙巾安心厚,0302080090
王子nepia初生紙尿褲NB84片/4B★,0302000049
日華急救繃3*6.5cm 12入/60B★,0304040102
日華急救繃防水2.5*6.5cm 10入60,0304040103
日華急救繃1.8*6.5cm 4入/100B★,0304040100
日華急救繃1.8*6.5cm 22入/60B★,0304040101
滿意寶寶瞬潔乾爽NB56/4B,0302000050
卡固絆創貼布(彈力)(藍)(彈性)OK,0304040109
旅行家PE透氣繃綜合(1.9*7cm*20,0304040108
旅行家PE透氣繃大片3*7cm23入/,0304040107
旅行家PE透氣繃小片1.9*7cm 35,0304040106
雅膚抗水性OK繃1.9*7.2CM/24,0304040105
日華急救繃防水4*6.5cm 6入/60B,0304040104
利康精華兒茶素,0202070103
試用機福爾巧易測血糖機,0602000265
金好奇護膚乾爽紙尿褲NB64P/3B,0302000037
妙而舒柔點清新乾爽紙尿褲NB/40P,0302000036
幫寶適超薄NB號40片/6B售止~,0302000039
幫寶適特級綿柔NB號36片/8B,0302000038
TANITA體脂體水分計(陸製),0305050023
【DC】休旅魔襪(古典米),0302180268
Oserlo玻璃體脂計FHG-303R,0305050024
大王境外紙尿褲(NB)58片/4B,0302000034
3M免縫膠帶/1546PP/20條,0304030282
培寶輕鬆開PP水壺550ml/2B,0300090098
A.M.D. Tablets/334.000 MG/錠,A003739100
Kitty彈跳杯H722,0300090099
幼兒加長版莫哭杯(藍)/P03218貨,0300090093
1033纖體緊緻凝膠200ml,0404060055
-金頂電池4號6入(4+2),0305150088
單入鋰電池-CR2032,0305150081
彈性舒適OK繃-標準型20片19*72,0207040001
"Ergoton Film Coated Tablets """,NC00140100
敏兒八珍-成長配方羊奶900g/60+,0200060129
69元特價玩具(叮圖球.彩球.工程,0300240050
119元特價玩具(音樂手機)★,0300240051
喜羊羊波浪鼓-星星(黃.粉.藍)/3B,0300240053
優生咬牙固齒器-熊造型 (區)/3B,0300240055
金優兒力壯營養強化羊奶粉900g/1,0200060120
低週波貼片,0305060023
SLIMWALK機能美腿襪-夜睡透氣型(,0303120301
【客訂】卡洛塔妮幼兒(3)羊奶粉9,0200060127
悅健金配方羊奶900G/12B,0200060128
刷樂兒童纖柔牙刷S286(S)/3B,0306000096
SLIMWALK機能美腿襪-內搭褲(M-L),0303120305
美滿寶貝金配方新生代PLUS營養,0200060123
SLIMWALK機能美腿襪-夜睡柔軟型(,0303120302
恐怖者 (跳蚤專用500cc),0307100003
249元特價玩具(水泥車砂石車攪拌,0300240049
499元特價玩具(收銀機.微波爐)★,0300240047
空膠囊1號,0307100001
空膠囊0號,0307100002
First Care隨意剪急救絆(1捲-1m*,0304040159
龍馬薰衣草精油旅行組3入,0404070005
【DC】磁氣絆(10粒入),0305060037
中頻機低週波貼片大4片/包/10B,0305060035
First Care防洗貼布急救絆家庭號,0304040154
中頻機低週波貼片小4片/包,0305060034
First Care防洗貼布急救絆標準型,0304040153
First Care伸縮布急救絆加大型(1,0304040152
First Care伸縮布急救絆中型(16,0304040151
First Care防洗+伸縮急救絆綜包,0304040158
First Care超薄防水急救絆中型(1,0304040156
First Care超薄防水急救絆標準型,0304040155
First Care伸縮布急救絆標準型(2,0304040150
牛豬安 25%(不收退),0307100008
景德必去蝨10ml/36BPICS廠問題缺,0307100007
Q寶寶9號DHA、AA、葉黃素咀嚼錠3,0201000005
Q寶寶3號DHA、AA、葉黃素 400g/6,0201000006
喉舒樂口含碇 20入,0203000002
牛壁逃-s15g(不收退),0307100010
安培無糖養生黑蒜餅乾100g,0205030727
安培無糖丹尼奶酥餅乾100g,0205030728
First Care指頭貼急救絆(10片-45,0304040160
安培無糖杏仁子餅乾100g,0205030726
First Care防洗迷你急救絆綜合包,0304040161
3M雙線細滑牙線棒散裝42入/12+1B,0306010155
3M雙線細滑牙線棒單支包 25入/12,0306010156
皇佳安膚創傷外傷外用劑,0304040162
白蘭氏-傳統雞精(藥局通路)70g/8,0206000028
浴帽#1602 / 12入,0404060016
香生堂潤肺爽喉丸40'S,0203000016
40g沐浴球1入,0404060014
正揚羅漢果川貝枇杷膏386g/20B,0203000010
八仙果(小)/3B,0203000013
黃鴨幼兒整體口腔牙刷,0306000063
Procil Tablets/50.000 MG/錠劑,N007870100
獅王-細絲特磨ss牙間刷*8入/卡,0306010130
LGI南瓜子紅麴餅乾12片/盒,0205030705
LGI高鈣海苔餅乾12片/盒,0205030706
金頂金霸王電池3號4入,0305150093
金頂金霸王電池4號4入,0305150094
培寶乳牙刷/2B,0306000057
Zinga Tablets (Zinc Gluconate,A022960100
金頂金霸王電池4號9入,0305150096
-鞋內芳香除臭貼2片裝/1,0306090049
LGI蔓越莓餅乾12片/盒,0205030707
金頂金霸王電池3號6入,0305150097
遊戲墊-動物園(大)AKS303-16,0300240006
艾5α全效油切蓬鬆組★,0400070010
Utapine F.C. Tablet 100Mg“Un,A049496100
史奴比單支牙線棒 方盒 150支/3B,0306010126
迪士尼-止滑牙線棒80支-維尼,0306010123
迪士尼-止滑牙線棒50支2+1 -維尼,0306010124
爆漿起司威化捲150G/3B,0205030714
3M細滑牙線棒散裝量販包150支/,0306010121
爆漿巧克力威化捲150G/3B,0205030715
爆漿咖啡威化捲150G/3B,0205030716
3M細滑牙線棒單支32支/包,0306010120
歐樂B兒童牙刷2-4歲(米奇),0306000047
歐樂B百靈電池式牙刷D4,0306000049
旅行家防水繃綜合10入,0304030203
旅行家防水繃大7入,0304030202
旅行家防水繃小12入,0304030201
瑞安密可梳外用液,0203010005
德國百妮E+E雙效美白緊緻乳/100m,0401000291
絲倍多40`S,0203010003
日華護腰XXL★,0305120544
日華護腰L★,0305120542
日華護腰XL★,0305120543
歐蕾滋潤保濕乳液 150ml,0401000288
專業運動加強型側條護膝T-24,0305120541
康郁素15g x 36包/盒,0202070082
歐蕾滋潤保濕霜 50g,0401000289
3M荳荳隱形貼新超薄(小荳)30入/3,0304030208
寶齡昇髮密碼養髮液5%60ml,0400010066
美研柔白瞬間清毛乳50g,0405020008
3M荳荳隱形貼新超薄(綜合)18入/3,0304030209
公主纖薄化妝棉,0401100112
杏白蜜蠟除毛貼片,0405020012
新歡除毛乳膏60g,0405020010
FANTASY白色0.5吋透氣膠帶單入/2,0304030214
FANTASY白色1吋透氣膠帶單入/12,0304030213
優若美隱形痘痘貼,0401100115
透氣手背吊帶L/XL 12個/箱 91471,0305120538
愛妥麗敷料120ml/11+1B.20+2B.30,0401000296
雙魚子抗皺保濕霜 30ml(多件),0401000294
BestVite高單位藍藻錠500MG 225',0202070098
德國百妮E+E雙效美白緊緻霜/50ml,0401000292
德國百妮E+E雙效美白微晶凝霜/50,0401000293
FANTASY膚色1吋透氣膠帶單入/12,0304030215
FANTASY膚色0.5吋透氣膠帶單入/2,0304030216
FANTASY白色透氣膠帶大(2入),0304030217
FANTASY白色透氣膠帶小(2入),0304030218
藻寡醣加強配方 60`S/10+6B★(長,0202070091
FANTASY膚色透氣膠帶大(2入),0304030219
落健生髮慕絲5% 60g,0400010079
BAC日本絆創膏50入/12B,0304030225
FANTASY膚色1吋透氣膠帶2入(附,0304030223
FANTASY白色1吋透氣膠帶2入(附,0304030221
FANTASY膚色透氣膠帶小(2入),0304030220
全扣式竹炭腰帶 6stays S/M★,0305120568
,0205130199
膝部反拉加強帶 T-38,0305120562
透氣型硬式護腰 S-12 XL,0305120560
"9""全扣式束腹帶L/XL★",0305120567
"6.5""全扣式竹炭腰帶 4stays  S/M",0305120564
理膚寶水多容安濕潤乳液40ML,0401000265
落健潔淨洗髮精400ml/18B,0400010046
全新(生醫)人工皮OK絆2*7cm/10片,0304030228
全新(生醫)人工皮OK絆3*7cm/6片,0304030229
建樂絲生髮泡沫液minoxidil5%90m,0400010042
雅膚透氣防水薄膜5*7.2CM/6片,0304030234
雅膚透氣防水薄膜10*12.5CM/4片,0304030233
雅膚抗水性貼布捲2.5*500CM,0304030236
雅膚防水薄膜黏性膠帶10*100CM,0304030235
全新(生醫)人工皮OK絆4.5*7cm/5,0304030230
全新(生醫)人工皮(無框)5*20cm/2,0304030232
全新(生醫)人工皮(無框) 5*10cm/,0304030231
透氣型硬式護腰 S-12 L,0305120559
陶瓷顆粒止滑護腰 S-18 S,0305120552
萌髮生髮液5%60ml,0400010059
【P】優髮生毛髮再生液5%/60ml/1,0400010054
CS全新矽膠膠帶(易撕型)2.5*150c,0304030237
CS全新敷料薄膜貼布5cm*5M/72B,0304030238
CS全新矽膠泡棉敷料10*10cm/12B,0304030239
壯兒素體質成長羊奶粉900g/12B 6,0200060105
MQ0607貼立舒防水透氣薄膜6*7cm,0304030242
MQ1012貼舒防水透氣薄膜10*12cm,0304030243
M0607貼立舒防水透氣敷料6*7cm,0304030240
M1012貼立舒防水透氣敷料10*12c,0304030241
C3351優美德親水性標準型敷料(,0304030246
C3353優美德親水性泡棉型敷料(,0304030247
C3350優美德親水性薄型敷料(人,0304030245
-C3353-1優美德親水性泡(人工皮),0304030249
-倍佳高單位魚油脂(EPA3DHA240)1,0202090099
C3350-1優美德親水性薄型敷料(,0304030248
超級好清300mg*60顆,0202090098
倍佳速易健 60粒,0202090096
A+極品深海鮭魚油EPA、DHA60`S/3,0202090094
新安琪兒幼兒成長羊奶900g/12B,0200060107
極品深海鮭魚油EPA、DHA60`S/300,0202090093
-金荷寶3號幼兒成長羊奶2B,0200060113
金力強寶貝羊奶粉900g/12B/箱,0200060114
全新(生醫)人工皮護腳貼4*5cm/4,0304030250
全新(生醫)人工皮護腳貼3x7cm/5,0304030251
BAC通氣紙膠帶(吊卡式)0.5吋-910,0304030254
BAC膚色紙膠帶(吊卡式)0.5吋-910,0304030256
3M膚色膠帶半吋1袋2入附切台/3B,0304030257
3M膚色膠帶1吋1袋2入附切台/3B,0304030258
馬克文生二合一搖馬學步車(桃紅),0300240065
全扣式腰痛保護帶 4stays S/M★,0305120570
【DC】停-海豹油90顆/瓶/200B/10,0202090080
奈米竹炭護指O-01301L,0305120578
奈米竹炭護指O-01301M,0305120577
夏日情懷雙眼線睫毛白膠 8ml★,0403050009
艾瑪絲-育髮全效洗髮精-升級版-3,0400010092
艾瑪絲-角質淨化洗髮精 -升級版-,0400010093
艾瑪絲-青春凍齡洗髮精-升級版-8,0400010090
艾瑪絲-5α高效控油洗髮精升級版,0400010091
3M白色通氣膠帶1吋 2入(售完為,0304030265
舒膚貼痘痘貼特惠組 2入(敏感),0304030262
"3M美容膠帶醫院包R1547 1/2""*4""",0304030263
艾瑪絲-舒敏平衡洗髮精-升級版-8,0400010089
Hello Kitty 芝麻蛋捲禮盒-首選,0206090004
金好嚕學步車CA-19(粉，藍，綠)1,0300240094
艾瑪絲-育髮全效洗髮精 -升級版-,0400010087
艾瑪絲-5α高效控油洗髮精 -升,0400010086
186可麗兒升降機車椅(紅.橘.藍.,0300240098
3M矽膠帶1吋 150cm *1入/盒,0304030270
3M荳痘隱形貼超薄小痘貼分享包(0,0304030271
3M荳痘隱形貼綜痘貼分享包(1.2cm,0304030272
OMRON體脂肪計HBF-362,0305050016
舒膚貼親水性敷料(人工皮)(滅菌),0304030279
289元特價玩具(積木桶),0300240090
299元特價玩具(聲光迴力合金車),0300240092
勁寶膜衣錠(Mega佳維他命30'S,0203100002
150元玩具啾啾鴨,0300240083
諾得膠囊90Cap,0203100003
Aromase育髮全效養髮精華液115ml,0400010098
60元玩具拉線游水鴨,0300240086
新諾濾得膠囊60入/盒,0203100001
艾瑪絲-青春凍齡洗髮精-升級版-3,0400010095
"Methycobal Capsules 500Ug ""Ei",AC29630100
Narcaricin Capsules (Benzbrom,A015195100
艾瑪絲-舒敏平衡洗髮精-升級版-3,0400010094
279元特價玩具(娃娃套裝，遙控車,0300240089
艾瑪絲-草本胺基酸每日健康洗髮,0400010096
Nac活膚泡泡/兩用沐浴精,0406010092
Nac舒眠泡泡/兩用沐浴精,0406010093
愛力寶玫瑰3合 1保險套,0303100128
Nac牛奶燕麥沐浴乳/400ml,0406010094
Nac牛奶燕麥沐浴乳/700ml,0406010095
愛力寶愛接觸超薄保險套,0303100129
杜蕾斯保險套激情裝12入,0303100126
杜蕾斯保險套羽毛裝12入,0303100124
奶粉盒/組,0300060052
shoot保險套(顆粒)/12入★,0303100122
shoot保險套(三合一)/12入★,0303100123
貝喜力克四層奶粉盒+3個上蓋,0300060057
shoot保險套(綜合)/12入★,0303100121
Nac草本泡泡浴露,0406010097
貝喜力克衛生奶粉盒,0300060058
嬌生嬰兒草本舒活沐浴精1000ml,0406010099
可威大電毯-110V,T000000542
岡本OKAMOTO衛生套0.02*6入/3B,0303100117
shoot保險套(螺紋)/12入★,0303100119
杜蕾斯超薄裝保險套(更薄型)5入,0303100114
kitty旋轉奶粉盒CAMH725,0300060041
可威濕熱電毯-小,T000000544
kitty四層奶粉盒CAMK729,0300060040
-信東食鹽水小20㏄/60支,0304180006
3M(1260)防水耳塞1200-2入/3B,0304180003
信東注射用水20ml/60支(蒸餾水),0304180004
美聯水解膠原蛋白/原味,0203080060
金克寧銀養雙效奶粉1.5kg/6B,0200180297
漢敏素水解蛋白養生燕麥奶900g/1,0200180298
克寧全家高鈣2.3kg/6B,0200180292
紅玫瑰膠原凍15g*25入,0203080067
安怡高鈣脫脂奶粉1.5㎏/6B,0200180291
力克舒藥膠布,T000000557
挖土機100*26*41WJ007/4B,0205110754
曼秀雷敦涼舒鼻用吸劑,0302130320
空膠囊2號,0304180015
清爽廚房紙巾60*6捲*8串,0302130321
怡爽抽取180抽*10包/串,0302130322
指險套24入★,0303100101
宜鴻棉球罐+夾子,0304180017
3M痘痘隱形貼 綜合型,0304180018
金健康有機高鐵高鈣植物奶營養 9,0200180288
漂亮家族-可米亞全方衛奶粉1500g,0200180285
博智高鈣燕麥植物奶900g/12B★,0200180280
八仙果80G,0200220555
漂亮家族-可米亞醇穩奶粉800g/12,0200180283
漂亮家族-可米亞糖穩奶粉800g/12,0200180282
漂亮家族-可米亞金精體素奶粉800,0200180281
7018SK 助行器,T000000568
汽車帳篷+100顆球CBH-07/組/2B,0205110763
優生玻璃一般口徑小奶瓶120ml(1+,0300060062
重型機車(護欄+推桿)黑/祡TR-09A,0205110761
美顏故事面膜蘋果多酚 3 /盒,0401020099
小球／網袋裝CCB-03,0205110765
藥用酒精95%(潔菌液)/12B(不拆零,0304180024
艾5α酷涼高效控油洗髮精350ml★,0400010106
旅行家便利切藥器,0304180028
艾5α鳶尾玫瑰高效控油洗髮精 35,0400010105
力強益勝低蛋白配方900g/12B,0200180275
力強新成人養生奶粉900g/12B,0200180274
新高優質高蛋白營養素800g/12B,0200180277
力強新完美女性精華配方900g/12,0200180276
舒潔抽取衛生紙90抽*8+2包/串/8B,0302130317
力強新健固素900g/12B,0200180279
560g硫磺精,0304180020
亞培安素沛力237ml*6入/4B(箱購1,0200180270
石膏鞋 L,T000000572
鐵製輪椅,T000000573
百強新健康人蔘羊養氣配方900g/1,0200180272
三角帳篷+100球(彩盒裝)CBH-01,0205110770
-美強生優兒A+幼兒成長(領先配方,0200020233
-美強生優兒A+幼兒成長(領先配方,0200020234
金可貝可幼兒成長奶粉900g(新配,0200020236
金可貝可幼兒成長奶粉1800g(新,0200020237
亞培舒兒優1-3歲優質成長奶粉850,0200020239
小分子膠原蛋白150 gm/12B,0203080036
味全iwater包裝水560ml/24B,0206060047
壯兒素體質成長奶粉PS添加1.8kg/,0200020223
培寶大容量奶粉盒-四層/2B,0300060004
-桂格MUST幼兒多力新一 成長奶粉,0200020226
艾利舒軟膏100g/條(需客訂),0109000054
唯登-WE-8013,T000000503
唯登-WE-8013,T000000502
新桂格健康成長三益菌1650g/罐/6,0200020228
【DC】孕婦襪A210DEN/L,0303120186
乒乓手套(網狀)透氣白色,0305120407
亞培幼兒恩美力HQP優質成長奶粉9,0200020211
-亞培幼兒恩美力HQP優質.7kg/6B,0200020212
Calcium Carbonate Toblets 500,A033686100
倍佳保纖魔(白腎豆260.仙人掌10/,0202100183
濃縮HCA(享孅完美)(藤黃果400.,0202100182
寒天甲殼膠囊(甲殼400.寒天50.,0202100181
PuruPuru胎盤膠原+膠原果凍(1+1),0203080058
銅耳扒12入,0305160008
第二代膠原胜?軟膠囊90粒(原美宜,0203080059
自然元素纖維錠/10顆/排/30B/盒,0202100180
鑷子18㎝,0305160006
3M耳塞帶線(附盒)/3B,0305160004
【舒拉密】王者的芙蓉-水解膠原,0203080052
PuruPuru膠原HA果凍10條入/60B,0203080057
PuruPuru胎盤膠原果凍10條入/60B,0203080056
FANTASY母乳冷凍袋120cc*20入,0303120197
?采膠原複方2.5g*40包/盒/12+1B,0203080054
FANTASY母乳冷凍袋210cc*20入,0303120198
愛力寶樂加特螺紋型保險套,0303100130
愛力寶樂加特顆粒型保險套,0303100131
-閃電優60`S /300B(限),0202100192
優生大容量四層粉盒/3B,0300060020
優兒力壯成長強護配方奶粉1.5kg/,0200020206
優兒力壯成長強衛配方奶粉1.5kg/,0200020207
孅孅魔力20`S,0202100193
優兒力壯成長奶粉1.6kg/6B,0200020205
雪印強小子new3號成長奶粉/900g/,0200020203
優沛C-60入,T000000530
-美達適每日健康順暢茶100包/盒/,0202100186
加價購-EMC小飛俠腳踏車12吋(藍.,0603030062
好耳朵耳黏棒(成人),0304180076
3M彈力繃大7片/3B,0304020034
好耳朵耳黏棒(嬰兒),0304180070
Alledine F.C. Tablets 60Mg/60,AC57147100
日中三角巾,0305160022
優兒A+幼兒成長奶粉(A+學立方360,0200020271
金力強初乳強健配方1700g,0200180229
金選明治成長奶粉3號900g/8B,0200020275
樂門傷口敷料人工皮5*20cm,0304180089
樂門傷口敷料人工皮10*10cm,0304180088
3M彈力繃-20片/3B,0304020028
3M自黏彈性繃帶4吋(100mm*4.5）/,0304020025
網狀繃帶1號,0304020024
"4吋膚色彈繃4""*5""M*(限)",0304020021
"3吋膚色彈繃3""*5""M*(限)",0304020020
直雙圓剪刀14.5㎝,0305160010
小尖夾,0305160011
亞培心美力成長奶粉3號1700g,0200020268
【DC】妙管家公道先生檸檬地板清,0308060014
美人easy拖把組(一脫一布組合),0308060015
Esidri S.C. Tablets (R)/10.00,A030607100
貝多新生代成長幼兒奶粉900g/12B,0200020261
S-26金幼兒樂成長配方1200g/6B,0200020260
悅健新生代金配方幼兒成長奶粉90,0200020263
美滿寶貝新生代金配方幼兒成長奶,0200020262
Gaster D Tablets 20Mg/20.000,B024185100
明治優質成長奶粉3號900g/12B,0200020264
亞培心美力成長奶粉3號900g,0200020267
日炎5切繃帶(50個入),0304020010
3M裸裝自黏彈性繃帶1寸25㎜*4.5m,0304020011
巨人伸縮繃帶40(原青鳥40紗卷)(4,0304020012
人生潤便通20cc(甘油30%)*2,0304180096
巨人伸縮繃帶60(原青鳥60紗卷)(6,0304020013
人生潤便通10cc(甘油30%)*2,0304180095
巨人伸縮繃帶50(原青鳥50紗卷)(5,0304020014
3吋彈繃12入(限),0304020016
贈品檔-MOOI黃金貂油滋潤沐浴露3,0603030033
4吋彈繃(12個入)(限),0304020017
安德福藥盒(慢性病)49格/1日7格(,0304180099
Bio-Cal Chewable Tablets/300.,A033090100
卷狀尿袋(中),0305160041
貝比卡兒金選AA幼兒成長奶粉900g,0200020257
2吋彈繃(12個入)(限),0304020018
身得壯高抗防護配方850g/12B,0200020254
身得壯成長強化奶粉3號850g/12B,0200020253
新Nature1豐力富1-3y幼兒成長奶,0200020252
敏兒八珍優益菌成長奶粉1.6kg/6,0200020251
新金荷寶3號幼兒成長奶粉1.8㎏(,0200020250
日炎4切繃帶(40個入),0304020006
日炎3切繃帶,0304020004
大豐-麗明眼藥水15ml,0205070011
羊乳片120'S /400B(1箱40)/40T,0205070010
益兒壯成長強化奶粉1600mg/6B(18,0200020247
身得壯3順暢成長奶粉850g/12B,0200020246
新安琪兒super成長奶粉900g/12B(,0200020249
【DC】停-星之冠美容美甲套裝組/,0407030040
益兒壯順暢成長奶粉900mg/12B,0200020248
敏兒八珍-成長奶粉900g/11+1B,0200020243
能恩3號優質幼兒成長奶粉800g/6B,0200020242
身得壯3強化成長奶粉1600g/6B,0200020245
贈品檔-12吋幼兒腳踏車,0603030029
中頻醫療級肌肉刺激劑(,0603040038
桂格MUST幼兒多力新一代成長奶 /,0200020241
亞培經典較優質成長奶1650kG/,0200020240
-豐力富全家人營養奶粉2.4Kg/6B(,0200180267
愛你好藥盒3日份,0304180032
暐世採血針　５０支　,0603030010
桂格完膳均衡營養素900g粉/3B,0200180266
紅麴海苔餅400g/3B,0205030675
蘇菜蔥餅400g/3B,0205030674
花生酥200g/3B,0205030672
輕鬆走棉洗棉褲5件/產婦XXL/3B,0307130412
綜合沙琪瑪300g/3B,0205030670
7.5雙色手套,0307000008
手扒雞手套(中衛衛生手套),0307000006
桂格脫脂高鈣 1500g/罐,0200180251
12吋腳踏車-草莓QW1250P(4B1040,0205110709
伸縮指套（小包）,0307000013
10入滅菌壓舌板,0305160056
白宮牌眼帶1入,0305160055
指套中（10入）盒,0307000015
亞培安素原味237ml/24B/(箱購135,0200180258
優兒力壯活力元氣飲900g/12B,0200180256
舒得適洗鼻鹽,0304180043
桂格完膳-糖尿病(粉)900g/3B,0200180252
品客大罐原味134g,0205030668
品客大罐洋蔥134g,0205030669
稻鴨米餅/50+5B,0205030663
網拖-(小)紅./藍.綠/12入,0307130427
排水管生物除臭劑 946cc★,0307130423
8號-雙色手套,0307000018
甘油60㏄,0305160058
針筒3ml,0305160087
3M淨顏吸油紙膜無香70張入(夏季,0407010200
三多高鈣高纖燕麥植物奶850g,0200180240
安怡(長青脫脂)高鈣1.6kg,0200180244
桂格脫脂雙認證  1500g,0200180245
亞培安素沛力6入禮盒組237ml*6購,0200180248
贈品檔-SKIN MILK臉部乳液,0603040063
雅膚兒童護眼貼10片入/包,0304180059
SB022 暗瘡針(青春棒),0407010212
舒得適洗鼻器,0305160076
旅行家彈性繃小28入,0304020042
日昇睡眠眼罩/單入,0305160073
草莓巧克力手挽杯-40g,0205030688
彩色巧克力餅乾杯-40g,0205030689
旅行家彈性繃綜合20入,0304020044
旅行家彈性繃大15入,0304020043
-千鶴薄荷棒特製單個/24缺貨預計,0304180061
倍力素粉-香澄/24B(最少3B出貨),0200180234
-亞培葡勝納SR-900/900g,0200180235
3M彈力繃12片(2.5*7.5公分)/3B,0304020047
卡卡巧克力棒25g,0205030683
克司博75%藥用酒精液500ml/24B24,0304180068
10元利歐香草夾心餅,0205030682
卡卡草莓棒25g,0205030684
SB081 短柄修眉刀(安全),0407010214
12吋腳踏車-河馬QW1250Y(4B1040),0205110722
NUBY雙耳防漏彈跳吸管杯(五色),0300030615
CSD檢診手套S有粉乳膠,0307000052
Nac標準吸管組,0300030613
Nac2.5mm超輕量玻璃奶瓶120ml,0300030612
Nac2.5mm超輕量玻璃奶瓶240ml,0300030611
3M親水性人工皮90022T 10cm*10cm,0304030186
全新(生醫)全人工皮(無框)XXL(10,0304030185
CSD檢診手套L有粉乳膠,0307000054
CSD檢診手套M有粉乳膠,0307000053
蘭韻化妝棉180片(2+1)/組,0407000231
Nac PES寬口奶瓶270ml,0300030608
Nac PES標準奶瓶270ml,0300030607
KittyPES標準奶瓶150ml K7096,0300030600
Kitty吸管組(大)K7142,0300030603
大王戲水用尿褲女-BIG*3片/12B,0302170034
【DC】身得壯幼兒酸化成長奶粉90,0200060010
全新(生醫)人工皮(無框)  XL--8x,0304030199
全新(生醫)人工皮(無框)  LL--6x,0304030198
全新(生醫)人工皮(無框)L--5x7cm,0304030197
淘爾假牙洗淨雙層錠72+6錠/3B,0306060013
雪菲兒假牙黏著劑68G(附贈潔牙 1,0306060014
日本小林假牙清潔錠108錠,0306060015
【P】保麗淨假牙黏著劑70g(含維,0306060016
黃鴨寬口葫蘆玻璃奶瓶180c,0300030639
黃鴨學習型奶瓶握把,0300030631
3M防水透氣敷料/1624PP/6片/3B,0304030160
H&B透氣紙膠(小盒)白色半吋/24B,0304030162
3M防水透氣敷料/1626PP/4片/3B,0304030161
H&B透氣紙膠(小盒)膚色半吋/24B,0304030164
H&B透氣紙膠(小盒)白色1吋/12B,0304030163
3M痘痘隱形貼-新迅速抗痘包/3B,0304030166
H&B透氣紙膠(小盒)膚色1吋/12B,0304030165
Meptin-Mini Tablets(鋁箔/膠箔,AC437001G0
保麗淨假牙黏著劑60g/12B,0306060003
保麗淨假牙清潔錠(活動假牙專用),0306060007
千鶴假牙、牙刷洗淨錠60入/2B,0306060008
人性化加強型護腰S-16 M號,0305120498
優生PP奶瓶(寬口葫蘆)S140ml 2 /,0300030623
優生PP奶瓶(一般直筒)L240ml 2 /,0300030622
朴蜜兒-Tritan防脹氣十字孔自動,0300030625
優生PP奶瓶(寬口葫蘆)L270ml 2 /,0300030624
3M柔軟傷口敷料3666PP/5片/包/3,0304030176
3M柔軟傷口敷料3664PP/6片/包/3,0304030175
8.5*13手套,0307000022
3M柔軟傷口敷料3662PP/8片/包/3,0304030174
保麗淨假牙清潔錠36`S/12B,0306060000
3M防水好吸敷料醫材包/3582PP/3,0304030178
黃鴨PP標準奶瓶240cc,0300030650
黃鴨PP奶瓶260cc,0300030655
黃鴨PP寬口葫蘆奶瓶270cc,0300030652
亞培葡勝納SR-850/850g/12B,0200180304
黃鴨自動吸管PP奶瓶260cc,0300030648
大友PVC檢診手套(無粉)L號100支,0307000087
多倍乳膠檢診手套S(有粉),0307000082
多倍乳膠檢診手套L(有粉),0307000084
亞培原味安素8入禮盒組237ml*8組,0200180302
美滿寶貝CBP優質營養強化奶粉180,0200070012
亞培倍力素6入禮盒組250ml*6購10,0200180303
悅健CBP優質營養強化奶粉1800g/6,0200070013
亞培益鈣元900g/6B,0200180301
Arcoxia Tablet 60Mg/60.000 MG,B023983100
試用包-力強新成人養生100B,0601000015
CSD-PVC手套(無粉)M號100支入,0307000075
CSD-PVC手套(無粉)L號100支入,0307000076
CSD滅菌單支PE手套100包/袋,0307000073
CSD-PVC手套(無粉)S號100支入,0307000074
CSD-PVC手套(有粉)S號100支入,0307000064
CSD-PVC手套(有粉)M號100支入,0307000065
CSD-PVC手套(有粉)L號100支入,0307000066
白黑色棉手套,0307000067
試用包-力強成人健固素100B,0601000008
黃鴨PES寬口葫蘆奶瓶280cc,0300030660
試用包-力強成人養生奶粉100B,0601000007
黃鴨PES葫蘆奶瓶300cc,0300030662
華新手術手套24雙/盒6.5#/24B,0307000060
華新手術手套24雙/盒7.0#/24B,0307000061
華新手術手套24雙/盒7.5#/24B,0307000062
3M免縫膠帶R1542/12條入/3B,0304030102
Nac粉末酵素入浴劑(1罐+1包),0406070045
Nac粉末酵素入浴劑補充包/800g,0406070043
3M小痘子隱型貼(小片)/盒/3B,0304030111
3M好呼吸超透氣膠帶1吋醫材包/ /,0304030119
優生電子體溫計/3B,0305040003
補骨挺疏,PROTOS
亞培NEO低體重兒配方(新包裝)(,0200130003
德國百妮活膚修護乳液120ml★,0401000172
嬌生嬰兒舒眠沐浴精1000ml,0406010042
嬌生嬰兒牛奶沐浴乳1000ml,0406010041
遠紅外線開放型自黏式護膝#AN982,0305120483
Meqazine Tab./5.000 MG/錠劑,A040979100
SP-6330,T000000589
妙而舒頂級呵護紙尿褲(XL)40P/4B,0302170005
遠紅外線護腕(自黏式) #988★,0305120481
3M免縫膠帶醫材包/1547PP/18條/3,0304030156
3M免縫膠帶醫材包/1548PP/12條/3,0304030157
3M白色通氣膠帶經濟包/1吋(附切),0304030158
3M白色通氣膠帶經濟包/半吋(附 ),0304030159
3M免縫膠帶醫材包/1545PP/12條/3,0304030154
O-0901 XL,T000000583
3M免縫膠帶醫材包/1546PP/30條/3,0304030155
施巴嬰兒泡泡浴露1000ml(限),0406010053
培寶嬰兒沐浴乳-綠茶300ml,0406010052
奈米竹炭雙層護腰 #AN680(XL)★,0305120477
遠紅外線護肘(自粘式) #985★,0305120479
T42 矽膠雙側條護膝,T000000579
足弓墊  E,T000000576
足弓墊  F,T000000577
奈米竹炭護踝 #AN689(M)★,0305120471
SB054 耳挖,0407000277
妙而舒妙兒褲(XL)28片(改良版)/4,0302170022
3M好呼吸超透氣膠帶半吋/盒/3B,0304030120
黃鴨護頭枕,0301010004
好奇柔適好褲升級版女XL22+2/6B+,0302170024
好奇柔適好褲升級版男XL22+2/6B+,0302170023
奇力素-高效緊緻私密凝膠35ml★,0303070003
培寶真珠酵素入浴劑800g,0406070025
滿意寶寶褲型女用XL30P/4B,0302170025
賽吉兒高效修護保濕凝膠加強型30,0303070004
奈米竹炭護腕 #AN684(M)★,0305120464
香沁膠原蛋白沐浴乳2000cc / 6B,0406010064
奈米竹炭護膝 #AN681(XL)★,0305120460
寶舒美頂級褲型紙尿褲女XL27片/4,0302170028
妙而舒妙而褲XL46片(量販包),0302170029
清淨綿,0303070000
"Peichia Tablets ""P.L.""(鋁箔)/",AC155431G0
優格爾木瓜酵素沐浴劑1000g補充,0406070034
優格爾薰衣草酵素沐浴劑1350g/12,0406070035
優格爾薰衣草酵素沐浴劑1000g補,0406070036
滿意寶寶褲型男用XL30P/4B,0302170014
傷口敷料7*5cm/7片/盒,0304030136
愛力寶艾草酵素沐浴劑1000g/12B(,0406070039
傷口敷料10*8cm/5片/盒,0304030137
奈米竹炭護膝 #AN681(M)★,0305120458
奈米竹炭護膝 #AN681(L)★,0305120459
奈米竹炭護膝 #AN681(S)★,0305120457
盒裝浴帽,0407000291
低敏防水膜10*8cm/3片/盒,0304030139
低敏防水膜7*5cm/3片/盒,0304030138
